Freq: MHz, Temp: C, Volt: V, Current: Amp, Power: W
A7 CPU0 Freq, A7 CPU1 Freq, A7 CPU2 Freq, A7 CPU3 Freq, A15 CPU0 Freq, A15 CPU1 Freq, A15 CPU2 Freq, A15 CPU3 Freq, A15 CPU0 Temp, A15 CPU1 Temp, A15 CPU2 Temp, A15 CPU3 Temp, A15 Volt, A15 Current, A15 Power, A7 Volt, A7 Current, A7 Power, Mem Volt, Mem Current, Mem Power, GPU Volt, GPU Curr, GPU Power, GPU Freq, GPU Temp
1400, 1400, 1400, 1400, 2000, 2000, 2000, 2000, 52, 48, 52, 50, 1.308750, 0.755692, 0.987540, 1.261250, 0.172996, 0.216892, 1.215000, 0.067704, 0.081405, 0.988750, 0.093176, 0.091884, 600, 46
1400, 1400, 1400, 1400, 2000, 2000, 2000, 2000, 53, 48, 53, 52, 1.310000, 1.062846, 1.391220, 1.261250, 0.223504, 0.281203, 1.215000, 0.074256, 0.089910, 0.987500, 0.093784, 0.091791, 600, 46
1400, 1400, 1400, 1400, 2000, 2000, 2000, 2000, 53, 48, 53, 52, 1.311250, 0.861456, 1.127910, 1.262500, 0.175253, 0.220850, 1.215000, 0.064701, 0.077760, 0.988750, 0.094240, 0.092872, 600, 46
1400, 1400, 1400, 1400, 2000, 2000, 2000, 2000, 53, 49, 53, 51, 1.310000, 1.116550, 1.461960, 1.265000, 0.172020, 0.217580, 1.215000, 0.066248, 0.080190, 0.988750, 0.094240, 0.092872, 600, 46
1400, 1400, 1400, 1400, 2000, 2000, 2000, 2000, 53, 48, 54, 52, 1.308750, 0.777064, 1.016316, 1.262500, 0.170007, 0.214540, 1.215000, 0.065702, 0.078975, 0.988750, 0.094696, 0.092872, 600, 46
1400, 1400, 1400, 1400, 2000, 2000, 2000, 2000, 54, 48, 53, 52, 1.311250, 1.009416, 1.321790, 1.261250, 0.157990, 0.197977, 1.215000, 0.061243, 0.074115, 0.988750, 0.095000, 0.093860, 600, 46
1400, 1400, 1400, 1400, 2000, 2000, 2000, 2000, 53, 49, 54, 52, 1.310000, 0.968590, 1.268080, 1.265000, 0.175253, 0.221375, 1.215000, 0.066248, 0.080190, 0.988750, 0.095000, 0.093860, 600, 47
1400, 1400, 1400, 1400, 2000, 2000, 2000, 2000, 54, 49, 54, 52, 1.311250, 1.209162, 1.584999, 1.262500, 0.159759, 0.200658, 1.215000, 0.069524, 0.083835, 0.988750, 0.095304, 0.093860, 600, 47
1400, 1400, 1400, 1400, 2000, 2000, 2000, 2000, 53, 49, 54, 53, 1.308750, 1.186146, 1.554846, 1.263750, 0.157746, 0.198291, 1.213750, 0.058240, 0.070354, 0.988750, 0.095304, 0.093860, 600, 47
1400, 1400, 1400, 1400, 2000, 2000, 2000, 2000, 54, 49, 54, 53, 1.311250, 1.147238, 1.503717, 1.263750, 0.180987, 0.227340, 1.215000, 0.071526, 0.086265, 0.988750, 0.095760, 0.093860, 600, 47
1400, 1400, 1400, 1400, 2000, 2000, 2000, 2000, 57, 59, 64, 58, 1.316250, 2.113362, 2.780708, 1.261250, 0.169214, 0.213109, 1.217500, 0.100282, 0.121700, 0.988750, 0.096216, 0.094848, 600, 48
1400, 1400, 1400, 1400, 2000, 2000, 2000, 2000, 58, 60, 60, 57, 1.317500, 2.362702, 3.110754, 1.260000, 0.188734, 0.236880, 1.215000, 0.071708, 0.086265, 0.988750, 0.098040, 0.096824, 600, 49
1400, 1400, 1400, 1400, 2000, 2000, 2000, 2000, 58, 60, 60, 58, 1.317500, 2.307628, 3.038319, 1.260000, 0.191967, 0.240660, 1.215000, 0.075257, 0.091125, 0.988750, 0.098800, 0.096824, 600, 49
1400, 1400, 1400, 1400, 2000, 2000, 2000, 2000, 58, 61, 61, 58, 1.317500, 2.331466, 3.069927, 1.263750, 0.183976, 0.231129, 1.213750, 0.066976, 0.080058, 0.988750, 0.099712, 0.097812, 600, 50
1400, 1400, 1400, 1400, 2000, 2000, 2000, 2000, 60, 62, 61, 58, 1.316250, 2.220222, 2.921520, 1.262500, 0.148474, 0.186776, 1.213750, 0.065247, 0.078845, 0.988750, 0.100776, 0.098800, 600, 50
1400, 1400, 1400, 1400, 2000, 2000, 2000, 2000, 60, 62, 62, 58, 1.317500, 2.322150, 3.058074, 1.255000, 0.244976, 0.306220, 1.213750, 0.065247, 0.078845, 0.988750, 0.101992, 0.099788, 600, 51
1400, 1400, 1400, 1400, 2000, 2000, 2000, 2000, 60, 62, 62, 59, 1.317500, 2.358044, 3.105486, 1.262500, 0.177266, 0.223374, 1.213750, 0.075712, 0.090975, 0.988750, 0.102448, 0.100776, 600, 51
1400, 1400, 1400, 1400, 2000, 2000, 2000, 2000, 60, 62, 63, 59, 1.316250, 2.171450, 2.857036, 1.253750, 0.223748, 0.279419, 1.213750, 0.071708, 0.086123, 0.988750, 0.102752, 0.100776, 600, 51
1400, 1400, 1400, 1400, 2000, 2000, 2000, 2000, 61, 63, 63, 59, 1.317500, 1.928960, 2.535320, 1.262500, 0.160003, 0.201920, 1.215000, 0.069979, 0.083835, 0.988750, 0.103512, 0.101764, 600, 52
1400, 1400, 1400, 1400, 2000, 2000, 2000, 2000, 61, 63, 63, 60, 1.317500, 2.355030, 3.101535, 1.253750, 0.256505, 0.320768, 1.215000, 0.075712, 0.091125, 0.988750, 0.103664, 0.101764, 600, 52
1400, 1400, 1400, 1400, 2000, 2000, 2000, 2000, 62, 63, 64, 60, 1.316250, 2.111444, 2.778076, 1.261250, 0.181719, 0.228241, 1.215000, 0.072254, 0.087480, 0.988750, 0.104272, 0.102752, 600, 52
1400, 1400, 1400, 1400, 2000, 2000, 2000, 2000, 61, 63, 63, 60, 1.315000, 1.932522, 2.540580, 1.260000, 0.203252, 0.255780, 1.213750, 0.067522, 0.081271, 0.988750, 0.105032, 0.103740, 600, 52
1400, 1400, 1400, 1400, 2000, 2000, 2000, 2000, 61, 64, 63, 60, 1.317500, 2.338316, 3.079146, 1.262500, 0.172508, 0.217064, 1.215000, 0.070252, 0.085050, 0.988750, 0.104728, 0.102752, 600, 52
1400, 1400, 1400, 1400, 2000, 2000, 2000, 2000, 64, 61, 64, 61, 1.315000, 2.005132, 2.636575, 1.263750, 0.182512, 0.229866, 1.213750, 0.070980, 0.084910, 0.988750, 0.105488, 0.103740, 600, 53
1400, 1400, 1400, 1400, 2000, 2000, 2000, 2000, 61, 56, 65, 62, 1.312500, 1.428636, 1.873536, 1.252500, 0.285968, 0.356820, 1.216250, 0.100009, 0.121600, 0.985000, 0.185288, 0.182225, 600, 53
1400, 1400, 1400, 1400, 2000, 2000, 2000, 2000, 61, 56, 65, 60, 1.312500, 1.521522, 1.995552, 1.248750, 0.269986, 0.335712, 1.213750, 0.097734, 0.117661, 0.978750, 0.291232, 0.284598, 600, 53
1400, 1400, 1400, 1400, 2000, 2000, 2000, 2000, 60, 55, 64, 61, 1.312500, 1.484806, 1.947008, 1.251250, 0.274012, 0.342774, 1.215000, 0.118482, 0.143370, 0.981250, 0.308408, 0.302148, 600, 53
1400, 1400, 1400, 1400, 2000, 2000, 2000, 2000, 61, 55, 61, 62, 1.313750, 1.718254, 2.255734, 1.252500, 0.263764, 0.329276, 1.215000, 0.139776, 0.168885, 0.982500, 0.409944, 0.401638, 600, 53
1400, 1400, 1400, 1400, 2000, 2000, 2000, 2000, 61, 55, 61, 62, 1.313750, 1.704554, 2.237352, 1.251250, 0.264008, 0.330264, 1.213750, 0.110474, 0.133430, 0.980000, 0.326648, 0.319480, 600, 53
1400, 1400, 1400, 1400, 2000, 2000, 2000, 2000, 60, 55, 61, 62, 1.312500, 1.639068, 2.150368, 1.250000, 0.259494, 0.323750, 1.215000, 0.087724, 0.105705, 0.978750, 0.283936, 0.276774, 600, 53
1400, 1400, 1400, 1400, 2000, 2000, 2000, 2000, 69, 55, 62, 61, 1.312500, 1.603448, 2.103136, 1.250000, 0.288225, 0.360000, 1.216250, 0.093730, 0.113088, 0.983750, 0.218272, 0.214294, 600, 54
1400, 1400, 1400, 1400, 2000, 2000, 2000, 2000, 65, 56, 62, 63, 1.317500, 2.373388, 3.125241, 1.261250, 0.201483, 0.253461, 1.215000, 0.071708, 0.086265, 0.988750, 0.121296, 0.119548, 600, 54
1400, 1400, 1400, 1400, 2000, 2000, 2000, 2000, 62, 63, 63, 62, 1.318750, 2.587930, 3.409666, 1.263750, 0.163236, 0.205869, 1.216250, 0.087724, 0.105792, 0.988750, 0.107464, 0.105716, 600, 53
1400, 1400, 1400, 1400, 2000, 2000, 2000, 2000, 62, 64, 64, 61, 1.316250, 2.266254, 2.845192, 1.261250, 0.184464, 0.232024, 1.213750, 0.066976, 0.080058, 0.988750, 0.107008, 0.105716, 600, 53
1400, 1400, 1400, 1400, 2000, 2000, 2000, 2000, 62, 64, 65, 61, 1.317500, 2.415584, 3.180555, 1.263750, 0.175497, 0.221025, 1.213750, 0.068978, 0.082484, 0.988750, 0.107008, 0.105716, 600, 53
1400, 1400, 1400, 1400, 2000, 2000, 2000, 2000, 62, 64, 64, 61, 1.317500, 2.372840, 3.123924, 1.262500, 0.163236, 0.205706, 1.213750, 0.069251, 0.083697, 0.988750, 0.107008, 0.105716, 600, 53
1400, 1400, 1400, 1400, 2000, 2000, 2000, 2000, 62, 64, 64, 62, 1.316250, 2.061302, 2.712276, 1.262500, 0.163236, 0.239970, 1.213750, 0.060970, 0.072780, 0.988750, 0.107312, 0.105716, 600, 53
1400, 1400, 1400, 1400, 2000, 2000, 2000, 2000, 63, 64, 65, 62, 1.317500, 2.442710, 3.216114, 1.260000, 0.207217, 0.260820, 1.213750, 0.069251, 0.083697, 0.988750, 0.107312, 0.105716, 600, 53
1400, 1400, 1400, 1400, 2000, 2000, 2000, 2000, 63, 64, 64, 62, 1.317500, 2.322424, 3.058074, 1.260000, 0.181719, 0.228060, 1.213750, 0.065520, 0.078845, 0.988750, 0.107464, 0.105716, 600, 53
1400, 1400, 1400, 1400, 2000, 2000, 2000, 2000, 63, 64, 65, 62, 1.316250, 2.026230, 2.666216, 1.256250, 0.237961, 0.297672, 1.213750, 0.064701, 0.077632, 0.988750, 0.107768, 0.105716, 600, 53
1400, 1400, 1400, 1400, 2000, 2000, 2000, 2000, 63, 64, 65, 62, 1.317500, 2.438326, 3.210846, 1.262500, 0.186965, 0.234732, 1.215000, 0.066976, 0.080190, 0.988750, 0.107768, 0.105716, 600, 53
1400, 1400, 1400, 1400, 2000, 2000, 2000, 2000, 63, 65, 65, 62, 1.316250, 2.235566, 2.941260, 1.261250, 0.173972, 0.218153, 1.213750, 0.065975, 0.078845, 0.988750, 0.107768, 0.105716, 600, 53
1400, 1400, 1400, 1400, 2000, 2000, 2000, 2000, 63, 65, 65, 62, 1.315000, 2.020202, 2.656300, 1.262500, 0.194712, 0.244828, 1.213750, 0.062972, 0.075206, 0.988750, 0.107768, 0.105716, 600, 53
1400, 1400, 1400, 1400, 2000, 2000, 2000, 2000, 62, 65, 65, 62, 1.317500, 2.447368, 3.222699, 1.253750, 0.243756, 0.304479, 1.213750, 0.067704, 0.081271, 0.988750, 0.107768, 0.105716, 600, 53
1400, 1400, 1400, 1400, 2000, 2000, 2000, 2000, 63, 65, 65, 62, 1.316250, 2.141858, 2.817556, 1.262500, 0.185501, 0.233470, 1.213750, 0.063518, 0.076419, 0.988750, 0.108224, 0.106704, 600, 54
1400, 1400, 1400, 1400, 2000, 2000, 2000, 2000, 63, 65, 65, 62, 1.316250, 2.082948, 2.739912, 1.262500, 0.176717, 0.222112, 1.213750, 0.058513, 0.070354, 0.988750, 0.107920, 0.105716, 600, 53
1400, 1400, 1400, 1400, 2000, 2000, 2000, 2000, 63, 65, 65, 62, 1.317500, 2.364620, 3.113388, 1.261250, 0.173972, 0.218153, 1.213750, 0.068978, 0.082484, 0.988750, 0.108224, 0.106704, 600, 53
1400, 1400, 1400, 1400, 2000, 2000, 2000, 2000, 62, 65, 66, 62, 1.317500, 2.379690, 3.133143, 1.262500, 0.204960, 0.257448, 1.213750, 0.069524, 0.083697, 0.988750, 0.108528, 0.106704, 600, 53
1400, 1400, 1400, 1400, 2000, 2000, 2000, 2000, 62, 64, 64, 60, 1.315000, 1.999926, 2.628685, 1.257500, 0.212463, 0.266484, 1.213750, 0.059969, 0.071567, 0.987500, 0.106552, 0.104622, 600, 52
1400, 1400, 1400, 1400, 2000, 2000, 2000, 2000, 64, 59, 70, 67, 1.317500, 2.395582, 3.154215, 1.262500, 0.175009, 0.220850, 1.216250, 0.092274, 0.111872, 0.988750, 0.106248, 0.104728, 600, 53
1400, 1400, 1400, 1400, 2000, 2000, 2000, 2000, 62, 58, 70, 63, 1.315000, 2.008420, 2.640520, 1.262500, 0.183732, 0.230946, 1.213750, 0.071981, 0.086123, 0.988750, 0.107008, 0.105716, 600, 53
1400, 1400, 1400, 1400, 2000, 2000, 2000, 2000, 61, 57, 70, 63, 1.313750, 1.665372, 2.186145, 1.263750, 0.180011, 0.227340, 1.215000, 0.067704, 0.081405, 0.987500, 0.106248, 0.104622, 600, 52
1400, 1400, 1400, 1400, 2000, 2000, 2000, 2000, 60, 57, 69, 63, 1.316250, 2.096648, 2.758336, 1.262500, 0.174216, 0.219588, 1.215000, 0.075712, 0.091125, 0.988750, 0.106248, 0.104728, 600, 52
1400, 1400, 1400, 1400, 2000, 2000, 2000, 2000, 60, 56, 69, 63, 1.315000, 1.943208, 2.555045, 1.262500, 0.189466, 0.238518, 1.215000, 0.066521, 0.080190, 0.988750, 0.105488, 0.103740, 600, 52
1400, 1400, 1400, 1400, 2000, 2000, 2000, 2000, 60, 57, 69, 62, 1.313750, 1.645096, 2.159885, 1.263750, 0.177510, 0.223551, 1.213750, 0.067249, 0.081271, 0.988750, 0.105184, 0.103740, 600, 52
1400, 1400, 1400, 1400, 2000, 2000, 2000, 2000, 60, 56, 69, 62, 1.316250, 2.065960, 2.323605, 1.261250, 0.173484, 0.218153, 1.215000, 0.072709, 0.087480, 0.988750, 0.104728, 0.102752, 600, 52
1400, 1400, 1400, 1400, 2000, 2000, 2000, 2000, 60, 56, 69, 62, 1.315000, 1.909506, 2.510335, 1.263750, 0.188002, 0.237444, 1.215000, 0.075530, 0.091125, 0.987500, 0.104728, 0.102648, 600, 52
1400, 1400, 1400, 1400, 2000, 2000, 2000, 2000, 60, 57, 70, 63, 1.315000, 1.747298, 2.297305, 1.261250, 0.182512, 0.229502, 1.215000, 0.076986, 0.092340, 0.987500, 0.104424, 0.102648, 600, 52
1400, 1400, 1400, 1400, 2000, 2000, 2000, 2000, 60, 56, 63, 60, 1.310000, 1.094630, 1.433140, 1.260000, 0.188490, 0.236880, 1.220000, 0.134498, 0.163480, 0.990000, 0.552216, 0.546480, 600, 53
1400, 1400, 1400, 1400, 2000, 2000, 2000, 2000, 60, 55, 61, 59, 1.310000, 1.094630, 1.433140, 1.262500, 0.195993, 0.246090, 1.215000, 0.240513, 0.291600, 0.996250, 1.948032, 1.940208, 600, 55
1400, 1400, 1400, 1400, 2000, 2000, 2000, 2000, 61, 55, 60, 58, 1.311250, 1.242864, 1.628262, 1.261250, 0.178730, 0.224458, 1.213750, 0.269451, 0.326297, 0.997500, 1.943320, 1.937171, 600, 56
1400, 1400, 1400, 1400, 2000, 2000, 2000, 2000, 61, 55, 60, 58, 1.311250, 1.304788, 1.709544, 1.261250, 0.177510, 0.223197, 1.213750, 0.266994, 0.322658, 0.997500, 1.965512, 1.959105, 600, 57
1400, 1400, 1400, 1400, 2000, 2000, 2000, 2000, 62, 55, 61, 58, 1.310000, 1.027500, 1.527460, 1.262500, 0.195993, 0.246090, 1.217500, 0.261443, 0.317637, 0.997500, 1.975696, 1.969075, 600, 58
1400, 1400, 1400, 1400, 2000, 2000, 2000, 2000, 63, 56, 60, 58, 1.311250, 1.334928, 1.748874, 1.255000, 0.227469, 0.284885, 1.213750, 0.267995, 0.323871, 0.996250, 1.972808, 1.964112, 600, 58
1400, 1400, 1400, 1400, 2000, 2000, 2000, 2000, 62, 55, 60, 59, 1.311250, 1.309720, 1.716099, 1.252500, 0.237717, 0.296724, 1.213750, 0.264264, 0.320232, 0.997500, 1.979192, 1.973063, 600, 59
1400, 1400, 1400, 1400, 2000, 2000, 2000, 2000, 63, 55, 60, 59, 1.310000, 1.081752, 1.416110, 1.260000, 0.193492, 0.243566, 1.213750, 0.263991, 0.319019, 0.997500, 1.989224, 1.983033, 600, 59
1400, 1400, 1400, 1400, 2000, 2000, 2000, 2000, 63, 56, 60, 59, 1.311250, 1.315200, 1.723965, 1.260000, 0.191723, 0.240660, 1.213750, 0.267449, 0.323871, 0.997500, 1.989224, 1.983033, 600, 59
1400, 1400, 1400, 1400, 2000, 2000, 2000, 2000, 63, 56, 60, 59, 1.311250, 1.326160, 1.738386, 1.258750, 0.181963, 0.227698, 1.216250, 0.264719, 0.321024, 0.997500, 1.987248, 1.981039, 600, 59
1400, 1400, 1400, 1400, 2000, 2000, 2000, 2000, 63, 56, 60, 59, 1.308750, 1.006128, 1.315848, 1.258750, 0.199714, 0.250342, 1.216250, 0.262444, 0.318592, 0.997500, 1.991200, 1.985027, 600, 59
1400, 1400, 1400, 1400, 2000, 2000, 2000, 2000, 63, 56, 60, 59, 1.311250, 1.325612, 1.737075, 1.261250, 0.197213, 0.248417, 1.213750, 0.263718, 0.319019, 0.997500, 1.991504, 1.985027, 600, 59
1400, 1400, 1400, 1400, 2000, 2000, 2000, 2000, 63, 56, 60, 59, 1.310000, 1.246700, 1.632260, 1.258750, 0.188002, 0.236504, 1.213750, 0.261261, 0.316593, 0.997500, 1.995000, 1.989015, 600, 59
1400, 1400, 1400, 1400, 2000, 2000, 2000, 2000, 64, 56, 60, 59, 1.308750, 0.912694, 1.192896, 1.258750, 0.193736, 0.242794, 1.213750, 0.263263, 0.319019, 0.997500, 1.996824, 1.990012, 600, 59
1400, 1400, 1400, 1400, 2000, 2000, 2000, 2000, 64, 56, 60, 59, 1.311250, 1.341230, 1.758051, 1.258750, 0.191967, 0.240278, 1.213750, 0.264992, 0.320232, 0.997500, 1.988768, 1.982036, 600, 60
1400, 1400, 1400, 1400, 2000, 2000, 2000, 2000, 64, 56, 60, 60, 1.310000, 1.149978, 1.505190, 1.255000, 0.195017, 0.244725, 1.213750, 0.263991, 0.319019, 0.997500, 1.985272, 1.979045, 600, 60
1400, 1400, 1400, 1400, 2000, 2000, 2000, 2000, 64, 56, 61, 59, 1.308750, 0.885568, 1.157580, 1.250000, 0.246257, 0.307500, 1.213750, 0.261716, 0.316593, 0.997500, 1.974784, 1.968078, 600, 60
1400, 1400, 1400, 1400, 2000, 2000, 2000, 2000, 64, 56, 61, 59, 1.311250, 1.323694, 1.734453, 1.255000, 0.213500, 0.267315, 1.215000, 0.259987, 0.314685, 0.996250, 1.984208, 1.976064, 600, 60
1400, 1400, 1400, 1400, 2000, 2000, 2000, 2000, 64, 56, 61, 59, 1.310000, 1.039282, 1.361090, 1.256250, 0.196969, 0.246176, 1.215000, 0.257985, 0.312255, 0.996250, 1.970984, 1.962120, 600, 60
1400, 1400, 1400, 1400, 2000, 2000, 2000, 2000, 64, 57, 61, 59, 1.308750, 0.934066, 1.221672, 1.253750, 0.185745, 0.231805, 1.212500, 0.255255, 0.309060, 0.997500, 1.974024, 1.968078, 600, 60
1400, 1400, 1400, 1400, 2000, 2000, 2000, 2000, 65, 57, 62, 65, 1.311250, 1.333832, 1.747563, 1.253750, 0.188734, 0.235564, 1.215000, 0.256438, 0.311040, 0.988750, 0.260680, 0.256880, 600, 58
1400, 1400, 1400, 1400, 2000, 2000, 2000, 2000, 63, 57, 62, 61, 1.315000, 1.924576, 2.530060, 1.250000, 0.228262, 0.285000, 1.217500, 0.108472, 0.131436, 0.988750, 0.134216, 0.132392, 600, 56
1400, 1400, 1400, 1400, 2000, 2000, 2000, 2000, 60, 54, 59, 58, 1.308750, 0.831316, 1.086948, 1.255000, 0.247477, 0.309985, 1.213750, 0.061243, 0.073993, 0.987500, 0.123728, 0.121401, 600, 53
1400, 1400, 1400, 1400, 2000, 2000, 2000, 2000, 59, 54, 59, 57, 1.311250, 1.246152, 1.633506, 1.262500, 0.189710, 0.238518, 1.213750, 0.070252, 0.084910, 0.987500, 0.122208, 0.120414, 600, 53
1400, 1400, 1400, 1400, 2000, 2000, 2000, 2000, 59, 54, 60, 57, 1.311250, 1.255742, 1.645305, 1.260000, 0.178730, 0.224280, 1.215000, 0.066976, 0.080190, 0.987500, 0.119776, 0.117453, 600, 52
1400, 1400, 1400, 1400, 2000, 2000, 2000, 2000, 58, 53, 58, 56, 1.311250, 1.119016, 1.467009, 1.262500, 0.190015, 0.239780, 1.215000, 0.065520, 0.078845, 0.987500, 0.118256, 0.116466, 600, 51
1400, 1400, 1400, 1400, 2000, 2000, 2000, 2000, 58, 53, 58, 56, 1.311250, 1.236288, 1.620396, 1.262500, 0.165737, 0.208230, 1.213750, 0.060788, 0.072780, 0.988750, 0.117496, 0.115596, 600, 51
1400, 1400, 1400, 1400, 2000, 2000, 2000, 2000, 57, 52, 57, 55, 1.311250, 1.234644, 1.617774, 1.262500, 0.168970, 0.212016, 1.213750, 0.062972, 0.075206, 0.987500, 0.116736, 0.114492, 600, 50
1400, 1400, 1400, 1400, 2000, 2000, 2000, 2000, 59, 56, 59, 57, 1.311250, 1.216012, 1.594176, 1.262500, 0.187758, 0.235994, 1.215000, 0.067522, 0.081405, 0.987500, 0.115672, 0.113505, 600, 50
1400, 1400, 1400, 1400, 2000, 2000, 2000, 2000, 59, 59, 60, 58, 1.317500, 2.332288, 3.071244, 1.258750, 0.216977, 0.271728, 1.217500, 0.112749, 0.136304, 0.988750, 0.103208, 0.101764, 600, 51
1400, 1400, 1400, 1400, 2000, 2000, 2000, 2000, 61, 63, 62, 59, 1.317500, 2.440792, 3.213480, 1.262500, 0.167994, 0.210754, 1.218750, 0.110747, 0.133980, 0.988750, 0.102752, 0.100776, 600, 51
1400, 1400, 1400, 1400, 2000, 2000, 2000, 2000, 61, 64, 63, 60, 1.317500, 2.348180, 3.092316, 1.263750, 0.186721, 0.234918, 1.213750, 0.073528, 0.088549, 0.988750, 0.103512, 0.101764, 600, 51
1400, 1400, 1400, 1400, 2000, 2000, 2000, 2000, 61, 65, 64, 60, 1.318750, 2.634236, 3.471612, 1.260000, 0.193492, 0.243180, 1.215000, 0.073528, 0.088695, 0.988750, 0.103664, 0.101764, 600, 52
1400, 1400, 1400, 1400, 2000, 2000, 2000, 2000, 62, 65, 64, 61, 1.318750, 2.551762, 3.362218, 1.262500, 0.173972, 0.218326, 1.213750, 0.073528, 0.088549, 0.988750, 0.104272, 0.102752, 600, 52
1400, 1400, 1400, 1400, 2000, 2000, 2000, 2000, 62, 66, 64, 61, 1.316250, 2.253376, 2.964948, 1.261250, 0.191479, 0.240851, 1.213750, 0.074256, 0.089762, 0.988750, 0.105032, 0.103740, 600, 52
1400, 1400, 1400, 1400, 2000, 2000, 2000, 2000, 61, 66, 64, 61, 1.318750, 2.654512, 3.497972, 1.261250, 0.180255, 0.226980, 1.215000, 0.074984, 0.089910, 0.988750, 0.105032, 0.103740, 600, 52
1400, 1400, 1400, 1400, 2000, 2000, 2000, 2000, 62, 66, 64, 61, 1.317500, 2.396404, 3.155532, 1.261250, 0.194468, 0.244634, 1.215000, 0.070980, 0.085050, 0.988750, 0.105792, 0.103740, 600, 53
1400, 1400, 1400, 1400, 2000, 2000, 2000, 2000, 63, 67, 65, 61, 1.317500, 2.303792, 3.033051, 1.260000, 0.177998, 0.223020, 1.213750, 0.063518, 0.076419, 0.988750, 0.106552, 0.104728, 600, 53
1400, 1400, 1400, 1400, 2000, 2000, 2000, 2000, 63, 67, 65, 61, 1.318750, 2.596698, 3.421528, 1.261250, 0.173972, 0.218153, 1.213750, 0.070980, 0.084910, 0.988750, 0.106552, 0.104728, 600, 53
1400, 1400, 1400, 1400, 2000, 2000, 2000, 2000, 63, 67, 64, 62, 1.317500, 2.313108, 3.046221, 1.260000, 0.206485, 0.259560, 1.213750, 0.066703, 0.080058, 0.988750, 0.107008, 0.105716, 600, 53
1400, 1400, 1400, 1400, 2000, 2000, 2000, 2000, 63, 67, 65, 62, 1.318750, 2.642456, 3.482156, 1.260000, 0.172508, 0.216720, 1.213750, 0.065975, 0.078845, 0.988750, 0.107008, 0.105716, 600, 53
1400, 1400, 1400, 1400, 2000, 2000, 2000, 2000, 63, 67, 65, 63, 1.317500, 2.414762, 3.179238, 1.256250, 0.231495, 0.290136, 1.215000, 0.071708, 0.086265, 0.988750, 0.107312, 0.105716, 600, 53
1400, 1400, 1400, 1400, 2000, 2000, 2000, 2000, 63, 67, 65, 62, 1.318750, 2.640538, 3.479520, 1.261250, 0.187514, 0.235807, 1.213750, 0.067249, 0.081271, 0.988750, 0.107464, 0.105716, 600, 53
1400, 1400, 1400, 1400, 2000, 2000, 2000, 2000, 63, 67, 66, 62, 1.318750, 2.682186, 3.534876, 1.262500, 0.155733, 0.195610, 1.213750, 0.067977, 0.081271, 0.988750, 0.107768, 0.105716, 600, 53
1400, 1400, 1400, 1400, 2000, 2000, 2000, 2000, 63, 67, 65, 63, 1.318750, 2.573134, 3.391214, 1.262500, 0.192211, 0.242304, 1.213750, 0.067977, 0.081271, 0.988750, 0.107768, 0.105716, 600, 53
1400, 1400, 1400, 1400, 2000, 2000, 2000, 2000, 63, 67, 66, 63, 1.320000, 2.668486, 3.521760, 1.261250, 0.169519, 0.213109, 1.215000, 0.069524, 0.083835, 0.988750, 0.107920, 0.105716, 600, 53
1400, 1400, 1400, 1400, 2000, 2000, 2000, 2000, 63, 64, 66, 62, 1.318750, 2.582998, 3.403076, 1.261250, 0.172020, 0.216892, 1.213750, 0.075530, 0.090975, 0.988750, 0.107768, 0.105716, 600, 53
1400, 1400, 1400, 1400, 2000, 2000, 2000, 2000, 62, 61, 65, 62, 1.317500, 2.346262, 3.089682, 1.260000, 0.170007, 0.214200, 1.217500, 0.090727, 0.109440, 0.988750, 0.107920, 0.105716, 600, 53
1400, 1400, 1400, 1400, 2000, 2000, 2000, 2000, 62, 57, 65, 62, 1.317500, 2.211728, 2.911887, 1.257500, 0.212463, 0.266484, 1.216250, 0.097461, 0.117952, 0.988750, 0.107768, 0.105716, 600, 53
1400, 1400, 1400, 1400, 2000, 2000, 2000, 2000, 60, 56, 61, 59, 1.313750, 1.805112, 2.369965, 1.258750, 0.210511, 0.264180, 1.217500, 0.093730, 0.113181, 0.988750, 0.107312, 0.105716, 600, 52
1400, 1400, 1400, 1400, 2000, 2000, 2000, 2000, 59, 55, 60, 58, 1.310000, 0.890500, 1.165900, 1.263750, 0.183488, 0.231129, 1.213750, 0.058786, 0.070354, 0.988750, 0.105792, 0.103740, 600, 52
1400, 1400, 1400, 1400, 2000, 2000, 2000, 2000, 69, 56, 62, 60, 1.316250, 2.136104, 2.810976, 1.258750, 0.234240, 0.294372, 1.215000, 0.086450, 0.104490, 0.988750, 0.105184, 0.103740, 600, 53
1400, 1400, 1400, 1400, 2000, 2000, 2000, 2000, 70, 56, 61, 60, 1.317500, 2.318862, 3.052806, 1.261250, 0.195017, 0.245895, 1.213750, 0.071526, 0.086123, 0.988750, 0.106704, 0.104728, 600, 54
1400, 1400, 1400, 1400, 2000, 2000, 2000, 2000, 71, 56, 62, 60, 1.315000, 2.031710, 2.670765, 1.262500, 0.183976, 0.230946, 1.213750, 0.064974, 0.077632, 0.988750, 0.107312, 0.105716, 600, 54
1400, 1400, 1400, 1400, 2000, 2000, 2000, 2000, 71, 56, 62, 61, 1.317500, 2.429284, 3.198993, 1.260000, 0.193736, 0.243180, 1.215000, 0.073710, 0.088695, 0.988750, 0.107768, 0.105716, 600, 54
1400, 1400, 1400, 1400, 2000, 2000, 2000, 2000, 68, 56, 62, 61, 1.316250, 2.250088, 2.961000, 1.261250, 0.195505, 0.245895, 1.213750, 0.069524, 0.083697, 0.988750, 0.107920, 0.105716, 600, 55
1400, 1400, 1400, 1400, 2000, 2000, 2000, 2000, 61, 54, 60, 58, 1.308750, 0.845290, 1.105260, 1.260000, 0.184464, 0.231840, 1.213750, 0.062790, 0.075206, 0.988750, 0.107312, 0.105716, 600, 52
1400, 1400, 1400, 1400, 2000, 2000, 2000, 2000, 61, 55, 65, 62, 1.312500, 1.860186, 2.445900, 1.257500, 0.202764, 0.253914, 1.217500, 0.103467, 0.125351, 0.988750, 0.105184, 0.103740, 600, 52
1400, 1400, 1400, 1400, 2000, 2000, 2000, 2000, 59, 54, 60, 59, 1.315000, 1.924576, 2.530060, 1.261250, 0.190747, 0.239590, 1.216250, 0.088452, 0.107008, 0.988750, 0.105032, 0.103740, 600, 52
1400, 1400, 1400, 1400, 2000, 2000, 2000, 2000, 58, 53, 60, 57, 1.308750, 0.816520, 1.067328, 1.262500, 0.169519, 0.213278, 1.215000, 0.059969, 0.071685, 0.987500, 0.103664, 0.101661, 600, 51
1400, 1400, 1400, 1400, 2000, 2000, 2000, 2000, 57, 52, 58, 56, 1.311250, 1.330270, 1.743630, 1.258750, 0.198006, 0.249084, 1.215000, 0.064701, 0.077760, 0.987500, 0.102296, 0.100674, 600, 50
1400, 1400, 1400, 1400, 2000, 2000, 2000, 2000, 57, 52, 58, 56, 1.310000, 1.079286, 1.413490, 1.258750, 0.226981, 0.284308, 1.213750, 0.070252, 0.084910, 0.988750, 0.101688, 0.099788, 600, 50
1400, 1400, 1400, 1400, 2000, 2000, 2000, 2000, 56, 51, 57, 55, 1.311250, 1.315200, 1.723965, 1.260000, 0.169214, 0.212940, 1.213750, 0.066703, 0.080058, 0.988750, 0.100776, 0.098800, 600, 49
1400, 1400, 1400, 1400, 2000, 2000, 2000, 2000, 56, 52, 67, 57, 1.311250, 1.289444, 1.689879, 1.263750, 0.173484, 0.218499, 1.213750, 0.066248, 0.080058, 0.988750, 0.100016, 0.098800, 600, 49
1400, 1400, 1400, 1400, 2000, 2000, 2000, 2000, 58, 54, 68, 60, 1.316250, 1.996638, 2.626736, 1.260000, 0.188978, 0.236880, 1.215000, 0.075257, 0.091125, 0.988750, 0.100016, 0.098800, 600, 49
1400, 1400, 1400, 1400, 2000, 2000, 2000, 2000, 58, 53, 59, 57, 1.316250, 2.221866, 2.922836, 1.262500, 0.168726, 0.212016, 1.217500, 0.105742, 0.127785, 0.988750, 0.100016, 0.098800, 600, 52
1400, 1400, 1400, 1400, 2000, 2000, 2000, 2000, 58, 52, 58, 55, 1.310000, 1.210258, 1.585100, 1.261250, 0.194712, 0.244634, 1.213750, 0.073983, 0.088549, 0.996250, 1.883584, 1.875468, 600, 53
1400, 1400, 1400, 1400, 2000, 2000, 2000, 2000, 59, 52, 57, 55, 1.310000, 1.158472, 1.516980, 1.263750, 0.174216, 0.219762, 1.213750, 0.072982, 0.087336, 0.996250, 1.884040, 1.876464, 600, 54
1400, 1400, 1400, 1400, 2000, 2000, 2000, 2000, 59, 52, 57, 55, 1.311250, 1.248070, 1.636128, 1.258750, 0.184220, 0.231472, 1.213750, 0.076258, 0.092188, 0.996250, 1.934504, 1.926264, 600, 54
1400, 1400, 1400, 1400, 2000, 2000, 2000, 2000, 59, 52, 57, 55, 1.310000, 1.106138, 1.448860, 1.261250, 0.192516, 0.242112, 1.213750, 0.070252, 0.084910, 0.996250, 1.941192, 1.933236, 600, 55
1400, 1400, 1400, 1400, 2000, 2000, 2000, 2000, 58, 53, 57, 55, 1.310000, 1.243960, 1.628330, 1.260000, 0.184769, 0.231840, 1.213750, 0.076531, 0.092188, 0.997500, 1.958824, 1.952126, 600, 55
1400, 1400, 1400, 1400, 2000, 2000, 2000, 2000, 59, 53, 57, 54, 1.310000, 1.261222, 1.651910, 1.260000, 0.183000, 0.230580, 1.213750, 0.069251, 0.083697, 0.997500, 1.960040, 1.954120, 600, 55
1400, 1400, 1400, 1400, 2000, 2000, 2000, 2000, 59, 53, 56, 55, 1.308750, 0.973248, 1.272684, 1.258750, 0.189710, 0.237762, 1.213750, 0.065975, 0.078845, 0.996250, 1.929944, 1.921284, 600, 55
1400, 1400, 1400, 1400, 2000, 2000, 2000, 2000, 59, 53, 57, 55, 1.310000, 1.249166, 1.636190, 1.260000, 0.170983, 0.214200, 1.213750, 0.070252, 0.084910, 0.997500, 1.962016, 1.956114, 600, 55
1400, 1400, 1400, 1400, 2000, 2000, 2000, 2000, 59, 53, 57, 55, 1.311250, 1.196832, 1.567956, 1.261250, 0.196481, 0.247156, 1.213750, 0.065975, 0.078845, 0.997500, 1.963992, 1.957111, 600, 56
1400, 1400, 1400, 1400, 2000, 2000, 2000, 2000, 60, 53, 57, 55, 1.308750, 0.860086, 1.124880, 1.261250, 0.177266, 0.223197, 1.213750, 0.066703, 0.080058, 0.996250, 1.917784, 1.909332, 600, 56
1400, 1400, 1400, 1400, 2000, 2000, 2000, 2000, 59, 53, 57, 55, 1.310000, 1.240398, 1.624400, 1.260000, 0.179462, 0.225540, 1.213750, 0.066703, 0.083697, 0.997500, 1.966272, 1.960102, 600, 56
1400, 1400, 1400, 1400, 2000, 2000, 2000, 2000, 60, 53, 57, 55, 1.310000, 1.080382, 1.414800, 1.261250, 0.196969, 0.247156, 1.213750, 0.070252, 0.084910, 0.997500, 1.972504, 1.966084, 600, 56
1400, 1400, 1400, 1400, 2000, 2000, 2000, 2000, 60, 53, 57, 55, 1.308750, 0.806108, 1.054248, 1.261250, 0.170007, 0.214370, 1.213750, 0.069706, 0.083697, 0.996250, 1.930704, 1.922280, 600, 56
1400, 1400, 1400, 1400, 2000, 2000, 2000, 2000, 59, 53, 57, 55, 1.311250, 1.251358, 1.640061, 1.260000, 0.199470, 0.250740, 1.213750, 0.072254, 0.087336, 0.996250, 1.977064, 1.969092, 600, 56
1400, 1400, 1400, 1400, 2000, 2000, 2000, 2000, 60, 53, 57, 55, 1.308750, 0.952972, 1.245216, 1.261250, 0.182268, 0.229502, 1.213750, 0.067249, 0.081271, 0.996250, 1.981928, 1.973076, 600, 56
1400, 1400, 1400, 1400, 2000, 2000, 2000, 2000, 60, 53, 57, 55, 1.311250, 1.249714, 1.637439, 1.261250, 0.175253, 0.220675, 1.213750, 0.071708, 0.086123, 0.996250, 1.963232, 1.955148, 600, 56
1400, 1400, 1400, 1400, 2000, 2000, 2000, 2000, 61, 53, 56, 56, 1.308750, 0.877896, 1.147116, 1.261250, 0.197762, 0.248417, 1.213750, 0.065975, 0.078845, 0.996250, 1.971744, 1.963116, 600, 56
1400, 1400, 1400, 1400, 2000, 2000, 2000, 2000, 60, 53, 57, 55, 1.310000, 1.216560, 1.592960, 1.260000, 0.172508, 0.216720, 1.213750, 0.072709, 0.087336, 0.997500, 1.975544, 1.969075, 600, 56
1400, 1400, 1400, 1400, 2000, 2000, 2000, 2000, 60, 53, 57, 55, 1.311250, 1.264236, 1.657104, 1.263750, 0.177510, 0.223551, 1.213750, 0.067704, 0.081271, 0.997500, 1.970528, 1.964090, 600, 56
1400, 1400, 1400, 1400, 2000, 2000, 2000, 2000, 60, 53, 57, 56, 1.308750, 1.060928, 1.386480, 1.263750, 0.177510, 0.223551, 1.212500, 0.063791, 0.076356, 0.996250, 1.953960, 1.945188, 600, 57
1400, 1400, 1400, 1400, 2000, 2000, 2000, 2000, 61, 53, 57, 55, 1.310000, 1.257112, 1.646670, 1.258750, 0.183732, 0.230214, 1.213750, 0.074984, 0.089762, 0.997500, 1.979952, 1.973063, 600, 56
1400, 1400, 1400, 1400, 2000, 2000, 2000, 2000, 60, 53, 57, 56, 1.311250, 1.269990, 1.663659, 1.260000, 0.184464, 0.231840, 1.212500, 0.064974, 0.077568, 0.997500, 1.983752, 1.977051, 600, 57
1400, 1400, 1400, 1400, 2000, 2000, 2000, 2000, 60, 53, 57, 56, 1.308750, 0.951054, 1.243908, 1.262500, 0.183732, 0.230946, 1.213750, 0.067249, 0.081271, 0.996250, 1.945296, 1.937220, 600, 56
1400, 1400, 1400, 1400, 2000, 2000, 2000, 2000, 60, 53, 57, 56, 1.311250, 1.268620, 1.662348, 1.258750, 0.176229, 0.221408, 1.213750, 0.068705, 0.082484, 0.997500, 1.975240, 1.969075, 600, 56
1400, 1400, 1400, 1400, 2000, 2000, 2000, 2000, 60, 54, 57, 55, 1.310000, 1.197106, 1.568070, 1.261250, 0.196725, 0.247156, 1.212500, 0.066703, 0.079992, 0.996250, 1.974784, 1.966104, 600, 56
1400, 1400, 1400, 1400, 2000, 2000, 2000, 2000, 60, 53, 58, 56, 1.308750, 0.847482, 1.107876, 1.262500, 0.189710, 0.215631, 1.213750, 0.071981, 0.086123, 0.996250, 1.941040, 1.933236, 600, 57
1400, 1400, 1400, 1400, 2000, 2000, 2000, 2000, 61, 53, 57, 56, 1.311250, 1.263962, 1.655793, 1.261250, 0.185257, 0.233285, 1.213750, 0.071981, 0.086123, 0.996250, 1.982688, 1.974072, 600, 57
1400, 1400, 1400, 1400, 2000, 2000, 2000, 2000, 60, 53, 57, 55, 1.308750, 0.802272, 1.049016, 1.252500, 0.176229, 0.221936, 1.212500, 0.065247, 0.078780, 0.996250, 1.984816, 1.976064, 600, 57
1400, 1400, 1400, 1400, 2000, 2000, 2000, 2000, 60, 53, 58, 56, 1.311250, 1.237932, 1.621707, 1.258750, 0.182268, 0.228956, 1.213750, 0.070252, 0.084910, 0.996250, 1.934960, 1.926264, 600, 57
1400, 1400, 1400, 1400, 2000, 2000, 2000, 2000, 61, 53, 57, 56, 1.308750, 0.959000, 1.254372, 1.262500, 0.187758, 0.235994, 1.213750, 0.070707, 0.084910, 0.996250, 1.985272, 1.977060, 600, 57
1400, 1400, 1400, 1400, 2000, 2000, 2000, 2000, 61, 54, 57, 55, 1.308750, 0.885842, 1.157580, 1.260000, 0.168238, 0.211848, 1.213750, 0.064974, 0.077632, 0.996250, 1.980712, 1.972080, 600, 57
1400, 1400, 1400, 1400, 2000, 2000, 2000, 2000, 61, 54, 58, 56, 1.310000, 1.180666, 1.545800, 1.258750, 0.189466, 0.237762, 1.213750, 0.074711, 0.089762, 0.996250, 1.951832, 1.943196, 600, 57
1400, 1400, 1400, 1400, 2000, 2000, 2000, 2000, 61, 53, 57, 56, 1.308750, 0.835974, 1.092180, 1.262500, 0.185013, 0.233470, 1.213750, 0.069524, 0.083697, 0.996250, 1.985728, 1.977060, 600, 57
1400, 1400, 1400, 1400, 2000, 2000, 2000, 2000, 61, 53, 58, 56, 1.310000, 1.012704, 1.325720, 1.262500, 0.165981, 0.208230, 1.213750, 0.064701, 0.077632, 0.996250, 1.987552, 1.979052, 600, 57
1400, 1400, 1400, 1400, 2000, 2000, 2000, 2000, 61, 53, 57, 56, 1.310000, 1.059832, 1.387290, 1.262500, 0.194468, 0.244828, 1.213750, 0.070525, 0.084910, 0.996250, 1.958976, 1.950168, 600, 57
1400, 1400, 1400, 1400, 2000, 2000, 2000, 2000, 61, 54, 57, 56, 1.311250, 1.263688, 1.655793, 1.261250, 0.186965, 0.234546, 1.213750, 0.071708, 0.086123, 0.996250, 1.986032, 1.978056, 600, 57
1400, 1400, 1400, 1400, 2000, 2000, 2000, 2000, 60, 54, 57, 56, 1.310000, 1.269990, 1.662390, 1.262500, 0.183000, 0.230946, 1.212500, 0.066248, 0.079992, 0.997500, 1.984208, 1.978048, 600, 57
1400, 1400, 1400, 1400, 2000, 2000, 2000, 2000, 61, 53, 57, 56, 1.310000, 1.129702, 1.478990, 1.261250, 0.190259, 0.239590, 1.213750, 0.071253, 0.086123, 0.997500, 1.984208, 1.978048, 600, 57
1400, 1400, 1400, 1400, 2000, 2000, 2000, 2000, 61, 54, 57, 56, 1.311250, 1.265332, 1.658415, 1.258750, 0.201239, 0.252858, 1.213750, 0.070252, 0.084910, 0.996250, 1.953200, 1.945188, 600, 57
1400, 1400, 1400, 1400, 2000, 2000, 2000, 2000, 61, 54, 57, 56, 1.310000, 1.180118, 1.545800, 1.260000, 0.191479, 0.240660, 1.213750, 0.066248, 0.080058, 0.996250, 1.988008, 1.980048, 600, 57
1400, 1400, 1400, 1400, 2000, 2000, 2000, 2000, 61, 54, 57, 56, 1.310000, 1.232178, 1.613920, 1.261250, 0.191967, 0.240851, 1.213750, 0.069706, 0.083697, 0.997500, 1.989680, 1.983033, 600, 57
1400, 1400, 1400, 1400, 2000, 2000, 2000, 2000, 60, 54, 58, 56, 1.311250, 1.266702, 1.659726, 1.258750, 0.179767, 0.225182, 1.213750, 0.063518, 0.076419, 0.996250, 1.959280, 1.951164, 600, 57
1400, 1400, 1400, 1400, 2000, 2000, 2000, 2000, 61, 53, 57, 57, 1.308750, 1.071614, 1.400868, 1.261250, 0.199226, 0.250939, 1.213750, 0.074256, 0.089762, 0.996250, 1.988312, 1.980048, 600, 57
1400, 1400, 1400, 1400, 2000, 2000, 2000, 2000, 61, 53, 57, 57, 1.310000, 1.265058, 1.657150, 1.261250, 0.186233, 0.234546, 1.213750, 0.065975, 0.078845, 0.996250, 1.987248, 1.979052, 600, 57
1400, 1400, 1400, 1400, 2000, 2000, 2000, 2000, 61, 54, 57, 56, 1.311250, 1.282868, 1.680702, 1.260000, 0.189466, 0.238140, 1.213750, 0.075530, 0.090975, 0.996250, 1.934504, 1.926264, 600, 57
1400, 1400, 1400, 1400, 2000, 2000, 2000, 2000, 61, 53, 57, 57, 1.308750, 0.959548, 1.254372, 1.261250, 0.188978, 0.237068, 1.213750, 0.070525, 0.084910, 0.996250, 1.978736, 1.970088, 600, 57
1400, 1400, 1400, 1400, 2000, 2000, 2000, 2000, 61, 53, 57, 57, 1.311250, 1.266976, 1.659726, 1.260000, 0.180987, 0.226800, 1.213750, 0.071708, 0.086123, 0.996250, 1.974936, 1.966104, 600, 57
1400, 1400, 1400, 1400, 2000, 2000, 2000, 2000, 61, 54, 58, 56, 1.310000, 1.199846, 1.570690, 1.260000, 0.194468, 0.244440, 1.213750, 0.071253, 0.086123, 0.996250, 1.944232, 1.936224, 600, 57
1400, 1400, 1400, 1400, 2000, 2000, 2000, 2000, 61, 54, 57, 56, 1.308750, 0.856524, 1.119648, 1.261250, 0.180987, 0.226980, 1.213750, 0.067977, 0.081271, 0.996250, 1.981016, 1.973076, 600, 57
1400, 1400, 1400, 1400, 2000, 2000, 2000, 2000, 61, 54, 58, 56, 1.311250, 1.272182, 1.667592, 1.257500, 0.198982, 0.248886, 1.213750, 0.074529, 0.089762, 0.996250, 1.978736, 1.966104, 600, 57
1400, 1400, 1400, 1400, 2000, 2000, 2000, 2000, 61, 54, 58, 56, 1.310000, 1.091890, 1.429210, 1.260000, 0.209230, 0.263340, 1.213750, 0.070525, 0.084910, 0.996250, 1.933744, 1.925268, 600, 57
1400, 1400, 1400, 1400, 2000, 2000, 2000, 2000, 61, 54, 58, 56, 1.308750, 0.817342, 1.068636, 1.252500, 0.228262, 0.285456, 1.212500, 0.067977, 0.081204, 0.996250, 1.982232, 1.974072, 600, 57
1400, 1400, 1400, 1400, 2000, 2000, 2000, 2000, 61, 54, 58, 56, 1.311250, 1.252180, 1.641372, 1.258750, 0.190991, 0.239020, 1.212500, 0.070252, 0.084840, 0.996250, 1.981776, 1.973076, 600, 57
1400, 1400, 1400, 1400, 2000, 2000, 2000, 2000, 61, 54, 58, 56, 1.308750, 0.982564, 1.284456, 1.252500, 0.259738, 0.324268, 1.213750, 0.073710, 0.088549, 0.996250, 1.955328, 1.947180, 600, 57
1400, 1400, 1400, 1400, 2000, 2000, 2000, 2000, 61, 54, 58, 56, 1.310000, 0.856524, 1.121360, 1.262500, 0.162504, 0.204444, 1.213750, 0.062972, 0.075206, 0.996250, 1.984208, 1.976064, 600, 57
1400, 1400, 1400, 1400, 2000, 2000, 2000, 2000, 62, 53, 57, 57, 1.308750, 0.856524, 1.119648, 1.261250, 0.189466, 0.238329, 1.213750, 0.073710, 0.078845, 0.996250, 1.979040, 1.971084, 600, 57
1400, 1400, 1400, 1400, 2000, 2000, 2000, 2000, 61, 53, 57, 57, 1.310000, 1.189708, 1.557590, 1.262500, 0.178242, 0.224636, 1.212500, 0.066976, 0.079992, 0.996250, 1.957000, 1.949172, 600, 57
1400, 1400, 1400, 1400, 2000, 2000, 2000, 2000, 61, 54, 58, 56, 1.311250, 1.246426, 1.633506, 1.260000, 0.188246, 0.236880, 1.213750, 0.064246, 0.077632, 0.996250, 1.965968, 1.957140, 600, 57
1400, 1400, 1400, 1400, 2000, 2000, 2000, 2000, 61, 53, 57, 57, 1.310000, 0.973248, 1.274630, 1.261250, 0.189710, 0.238329, 1.213750, 0.071981, 0.086123, 0.996250, 1.982536, 1.974072, 600, 57
1400, 1400, 1400, 1400, 2000, 2000, 2000, 2000, 61, 54, 58, 56, 1.311250, 1.248344, 1.636128, 1.260000, 0.188246, 0.236880, 1.212500, 0.070980, 0.084840, 0.996250, 1.977520, 1.969092, 600, 57
1400, 1400, 1400, 1400, 2000, 2000, 2000, 2000, 61, 54, 58, 56, 1.311250, 1.263962, 1.655793, 1.257500, 0.190015, 0.238830, 1.213750, 0.072709, 0.087336, 0.996250, 1.941192, 1.933236, 600, 57
1400, 1400, 1400, 1400, 2000, 2000, 2000, 2000, 61, 54, 58, 56, 1.310000, 1.095178, 1.271376, 1.261250, 0.188490, 0.237068, 1.213750, 0.066521, 0.080058, 0.996250, 1.981472, 1.973076, 600, 57
1400, 1400, 1400, 1400, 2000, 2000, 2000, 2000, 61, 54, 58, 56, 1.311250, 1.251906, 1.640061, 1.260000, 0.185501, 0.233100, 1.213750, 0.071981, 0.086123, 0.997500, 1.982688, 1.976054, 600, 57
1400, 1400, 1400, 1400, 2000, 2000, 2000, 2000, 61, 54, 58, 57, 1.310000, 1.211080, 1.586410, 1.260000, 0.195261, 0.245700, 1.213750, 0.071253, 0.086123, 0.996250, 1.950768, 1.942200, 600, 57
1400, 1400, 1400, 1400, 2000, 2000, 2000, 2000, 61, 54, 58, 56, 1.310000, 0.871868, 1.139268, 1.261250, 0.190991, 0.239590, 1.213750, 0.066703, 0.080058, 0.996250, 1.979952, 1.971084, 600, 57
1400, 1400, 1400, 1400, 2000, 2000, 2000, 2000, 61, 53, 57, 57, 1.311250, 1.255468, 1.645305, 1.260000, 0.189222, 0.238140, 1.213750, 0.071253, 0.086123, 0.996250, 1.979496, 1.971084, 600, 57
1400, 1400, 1400, 1400, 2000, 2000, 2000, 2000, 61, 54, 58, 56, 1.310000, 1.085314, 1.421350, 1.261250, 0.198738, 0.249678, 1.213750, 0.073255, 0.088549, 0.996250, 1.949704, 1.941204, 600, 57
1400, 1400, 1400, 1400, 2000, 2000, 2000, 2000, 61, 54, 58, 56, 1.307500, 0.814602, 1.063898, 1.260000, 0.197518, 0.213278, 1.213750, 0.064246, 0.077632, 0.996250, 1.986792, 1.978056, 600, 57
1400, 1400, 1400, 1400, 2000, 2000, 2000, 2000, 61, 54, 58, 56, 1.311250, 1.252180, 1.641372, 1.260000, 0.183488, 0.230580, 1.213750, 0.072254, 0.087336, 0.996250, 1.979192, 1.971084, 600, 57
1400, 1400, 1400, 1400, 2000, 2000, 2000, 2000, 61, 54, 58, 56, 1.308750, 0.975988, 1.275300, 1.261250, 0.206241, 0.259766, 1.213750, 0.069979, 0.083697, 0.996250, 1.936936, 1.928256, 600, 57
1400, 1400, 1400, 1400, 2000, 2000, 2000, 2000, 61, 54, 57, 57, 1.308750, 0.860360, 1.124880, 1.261250, 0.164212, 0.206968, 1.213750, 0.065520, 0.078845, 0.996250, 1.963992, 1.955148, 600, 57
1400, 1400, 1400, 1400, 2000, 2000, 2000, 2000, 61, 54, 58, 57, 1.310000, 1.206422, 1.579860, 1.261250, 0.187514, 0.235807, 1.213750, 0.071526, 0.086123, 0.996250, 1.950312, 1.942200, 600, 57
1400, 1400, 1400, 1400, 2000, 2000, 2000, 2000, 61, 54, 58, 56, 1.308750, 0.867758, 1.134036, 1.262500, 0.176961, 0.222112, 1.213750, 0.063973, 0.076419, 0.996250, 1.959432, 1.951164, 600, 57
1400, 1400, 1400, 1400, 2000, 2000, 2000, 2000, 62, 54, 57, 56, 1.308750, 0.989688, 1.293612, 1.260000, 0.187514, 0.235620, 1.213750, 0.072709, 0.087336, 0.995000, 1.917328, 1.907415, 600, 57
1400, 1400, 1400, 1400, 2000, 2000, 2000, 2000, 61, 54, 58, 56, 1.310000, 1.081478, 1.416110, 1.261250, 0.193736, 0.243373, 1.213750, 0.072709, 0.087336, 0.996250, 1.932224, 1.924272, 600, 57
1400, 1400, 1400, 1400, 2000, 2000, 2000, 2000, 62, 59, 60, 59, 1.311250, 1.255468, 1.645305, 1.253750, 0.222223, 0.278166, 1.213750, 0.081991, 0.098253, 0.987500, 0.121752, 0.119427, 600, 55
1400, 1400, 1400, 1400, 2000, 2000, 2000, 2000, 62, 61, 61, 60, 1.317500, 2.402432, 3.163434, 1.257500, 0.209230, 0.262713, 1.217500, 0.106015, 0.129002, 0.988750, 0.115520, 0.113620, 600, 54
1400, 1400, 1400, 1400, 2000, 2000, 2000, 2000, 62, 61, 61, 60, 1.315000, 1.927042, 2.534005, 1.262500, 0.175741, 0.220850, 1.216250, 0.090272, 0.109440, 0.988750, 0.112784, 0.109668, 600, 54
1400, 1400, 1400, 1400, 2000, 2000, 2000, 2000, 61, 62, 62, 60, 1.316250, 2.153914, 2.833348, 1.262500, 0.183732, 0.230946, 1.216250, 0.094458, 0.114304, 0.988750, 0.109744, 0.107692, 600, 53
1400, 1400, 1400, 1400, 2000, 2000, 2000, 2000, 61, 62, 62, 60, 1.316250, 2.161860, 2.843876, 1.262500, 0.175497, 0.220850, 1.216250, 0.096733, 0.116736, 0.987500, 0.108224, 0.106596, 600, 53
1400, 1400, 1400, 1400, 2000, 2000, 2000, 2000, 61, 62, 62, 60, 1.315000, 1.980472, 2.505075, 1.263750, 0.177754, 0.223551, 1.216250, 0.084266, 0.102144, 0.988750, 0.107312, 0.105716, 600, 53
1400, 1400, 1400, 1400, 2000, 2000, 2000, 2000, 65, 59, 66, 61, 1.316250, 2.148434, 2.826768, 1.262500, 0.173972, 0.218326, 1.216250, 0.096005, 0.116736, 0.987500, 0.106704, 0.104622, 600, 53
1400, 1400, 1400, 1400, 2000, 2000, 2000, 2000, 66, 58, 65, 63, 1.320000, 2.898920, 3.825360, 1.260000, 0.207766, 0.260820, 1.217500, 0.123214, 0.149691, 0.988750, 0.107312, 0.105716, 600, 54
1400, 1400, 1400, 1400, 2000, 2000, 2000, 2000, 62, 57, 63, 61, 1.317500, 2.384348, 3.139728, 1.258750, 0.199714, 0.250342, 1.217500, 0.101465, 0.122917, 0.987500, 0.107768, 0.105609, 600, 54
1400, 1400, 1400, 1400, 2000, 2000, 2000, 2000, 66, 57, 63, 63, 1.312500, 1.477682, 1.937824, 1.258750, 0.210999, 0.264180, 1.215000, 0.086723, 0.104490, 0.987500, 0.107312, 0.105609, 600, 54
1400, 1400, 1400, 1400, 2000, 2000, 2000, 2000, 63, 58, 75, 65, 1.320000, 2.961940, 3.908520, 1.258750, 0.219478, 0.275502, 1.217500, 0.109746, 0.132653, 0.988750, 0.107312, 0.105716, 600, 53
1400, 1400, 1400, 1400, 2000, 2000, 2000, 2000, 62, 57, 76, 65, 1.317500, 2.387910, 3.143679, 1.261250, 0.187514, 0.235807, 1.215000, 0.075712, 0.091125, 0.988750, 0.107008, 0.105716, 600, 53
1400, 1400, 1400, 1400, 2000, 2000, 2000, 2000, 61, 58, 76, 65, 1.316250, 2.097744, 2.759652, 1.263750, 0.177998, 0.223551, 1.213750, 0.070707, 0.084910, 0.988750, 0.105944, 0.103740, 600, 52
1400, 1400, 1400, 1400, 2000, 2000, 2000, 2000, 61, 58, 76, 65, 1.318750, 2.446820, 3.223828, 1.262500, 0.198982, 0.249876, 1.215000, 0.079534, 0.095985, 0.988750, 0.105792, 0.103740, 600, 52
1400, 1400, 1400, 1400, 2000, 2000, 2000, 2000, 61, 58, 76, 65, 1.317500, 2.309272, 3.040953, 1.260000, 0.184464, 0.231840, 1.215000, 0.070525, 0.085050, 0.988750, 0.105488, 0.103740, 600, 52
1400, 1400, 1400, 1400, 2000, 2000, 2000, 2000, 60, 58, 76, 65, 1.316250, 2.030340, 2.671480, 1.263750, 0.173728, 0.218499, 1.215000, 0.079716, 0.095985, 0.988750, 0.105184, 0.103740, 600, 52
1400, 1400, 1400, 1400, 2000, 2000, 2000, 2000, 61, 58, 76, 65, 1.317500, 2.425996, 3.193725, 1.262500, 0.190747, 0.239780, 1.215000, 0.074256, 0.089910, 0.988750, 0.105032, 0.103740, 600, 52
1400, 1400, 1400, 1400, 2000, 2000, 2000, 2000, 61, 58, 76, 64, 1.316250, 2.151448, 2.830716, 1.262500, 0.175253, 0.220850, 1.215000, 0.078533, 0.094770, 0.988750, 0.105032, 0.103740, 600, 52
1400, 1400, 1400, 1400, 2000, 2000, 2000, 2000, 61, 58, 76, 65, 1.316250, 2.069248, 2.722804, 1.263750, 0.182756, 0.229866, 1.215000, 0.076986, 0.092340, 0.988750, 0.104424, 0.102752, 600, 52
1400, 1400, 1400, 1400, 2000, 2000, 2000, 2000, 61, 57, 75, 65, 1.317500, 2.304066, 3.034368, 1.260000, 0.216489, 0.272160, 1.215000, 0.076531, 0.108224, 0.988750, 0.104728, 0.102752, 600, 52
1400, 1400, 1400, 1400, 2000, 2000, 2000, 2000, 61, 57, 74, 65, 1.318750, 2.498058, 3.292364, 1.262500, 0.160491, 0.201920, 1.215000, 0.091455, 0.110565, 0.988750, 0.104728, 0.102752, 600, 52
1400, 1400, 1400, 1400, 2000, 2000, 2000, 2000, 61, 57, 73, 64, 1.317500, 2.350098, 3.094950, 1.261250, 0.186965, 0.234546, 1.216250, 0.092274, 0.111872, 0.988750, 0.104728, 0.102752, 600, 52
1400, 1400, 1400, 1400, 2000, 2000, 2000, 2000, 61, 57, 75, 64, 1.317500, 2.312012, 3.044904, 1.262500, 0.177510, 0.223374, 1.216250, 0.090272, 0.109440, 0.988750, 0.104728, 0.102752, 600, 52
1400, 1400, 1400, 1400, 2000, 2000, 2000, 2000, 61, 57, 75, 65, 1.316250, 2.196658, 2.889936, 1.262500, 0.164761, 0.206968, 1.216250, 0.094731, 0.114304, 0.988750, 0.104728, 0.102648, 600, 52
1400, 1400, 1400, 1400, 2000, 2000, 2000, 2000, 61, 57, 72, 64, 1.317500, 2.381334, 3.135777, 1.262500, 0.190015, 0.239780, 1.216250, 0.094276, 0.114304, 0.988750, 0.104424, 0.102752, 600, 52
1400, 1400, 1400, 1400, 2000, 2000, 2000, 2000, 62, 58, 71, 66, 1.317500, 2.339960, 3.080463, 1.260000, 0.186721, 0.234360, 1.217500, 0.136773, 0.165512, 0.987500, 0.104424, 0.102648, 600, 52
1400, 1400, 1400, 1400, 2000, 2000, 2000, 2000, 61, 56, 64, 63, 1.316250, 2.025956, 2.664900, 1.255000, 0.218746, 0.273590, 1.216250, 0.177723, 0.215232, 0.988750, 0.105032, 0.103740, 600, 53
1400, 1400, 1400, 1400, 2000, 2000, 2000, 2000, 61, 55, 61, 59, 1.312500, 1.596324, 2.093952, 1.260000, 0.200263, 0.252000, 1.210000, 0.293748, 0.354530, 0.991250, 1.392016, 1.379472, 600, 55
1400, 1400, 1400, 1400, 2000, 2000, 2000, 2000, 62, 55, 63, 65, 1.312500, 1.431924, 1.877472, 1.255000, 0.236985, 0.296180, 1.216250, 0.106470, 0.128896, 0.988750, 0.811832, 0.801268, 600, 53
1400, 1400, 1400, 1400, 2000, 2000, 2000, 2000, 66, 57, 63, 62, 1.317500, 2.370648, 3.121290, 1.258750, 0.202215, 0.254116, 1.217500, 0.102011, 0.124134, 0.988750, 0.108224, 0.106704, 600, 54
1400, 1400, 1400, 1400, 2000, 2000, 2000, 2000, 58, 53, 58, 56, 1.308750, 0.815698, 1.066020, 1.253750, 0.218990, 0.273154, 1.213750, 0.057512, 0.069141, 0.987500, 0.104272, 0.102648, 600, 51
1400, 1400, 1400, 1400, 2000, 2000, 2000, 2000, 58, 53, 67, 59, 1.311250, 1.309446, 1.716099, 1.257500, 0.229482, 0.287853, 1.213750, 0.069706, 0.083697, 0.988750, 0.103512, 0.101764, 600, 50
1400, 1400, 1400, 1400, 2000, 2000, 2000, 2000, 60, 53, 61, 58, 1.313750, 1.581254, 2.075853, 1.253750, 0.232715, 0.290696, 1.216250, 0.090727, 0.109440, 0.987500, 0.102448, 0.100674, 600, 51
1400, 1400, 1400, 1400, 2000, 2000, 2000, 2000, 59, 54, 65, 60, 1.313750, 1.526180, 2.003638, 1.251250, 0.245464, 0.306495, 1.218750, 0.137774, 0.166866, 0.987500, 0.332424, 0.327684, 600, 51
1400, 1400, 1400, 1400, 2000, 2000, 2000, 2000, 59, 55, 65, 60, 1.315000, 2.015270, 2.649725, 1.251250, 0.239974, 0.298989, 1.217500, 0.137228, 0.166729, 0.987500, 0.377264, 0.310905, 600, 51
1400, 1400, 1400, 1400, 2000, 2000, 2000, 2000, 59, 55, 66, 60, 1.315000, 1.771684, 2.328865, 1.250000, 0.247965, 0.308750, 1.217500, 0.134225, 0.163078, 0.988750, 0.334400, 0.329992, 600, 52
1400, 1400, 1400, 1400, 2000, 2000, 2000, 2000, 60, 55, 67, 60, 1.313750, 1.576870, 2.069288, 1.251250, 0.225212, 0.281475, 1.218750, 0.130767, 0.158340, 0.987500, 0.364192, 0.359268, 600, 51
1400, 1400, 1400, 1400, 2000, 2000, 2000, 2000, 59, 55, 67, 61, 1.313750, 1.765382, 2.317445, 1.251250, 0.246257, 0.307746, 1.218750, 0.128037, 0.155904, 0.988750, 0.440192, 0.434720, 600, 52
1400, 1400, 1400, 1400, 2000, 2000, 2000, 2000, 59, 55, 67, 61, 1.313750, 1.873612, 2.459249, 1.251250, 0.246257, 0.307746, 1.218750, 0.132223, 0.160776, 0.987500, 0.340480, 0.285243, 600, 52
1400, 1400, 1400, 1400, 2000, 2000, 2000, 2000, 60, 55, 67, 61, 1.315000, 1.980198, 2.603700, 1.250000, 0.254004, 0.317500, 1.218750, 0.130949, 0.158340, 0.987500, 0.359936, 0.354333, 600, 52
1400, 1400, 1400, 1400, 2000, 2000, 2000, 2000, 60, 56, 67, 61, 1.316250, 2.043766, 2.688588, 1.250000, 0.244488, 0.305000, 1.217500, 0.130767, 0.158210, 0.987500, 0.380000, 0.375060, 600, 52
1400, 1400, 1400, 1400, 2000, 2000, 2000, 2000, 60, 55, 67, 61, 1.315000, 1.958278, 2.574770, 1.251250, 0.242231, 0.302742, 1.220000, 0.126490, 0.153720, 0.988750, 0.372248, 0.367536, 600, 52
1400, 1400, 1400, 1400, 2000, 2000, 2000, 2000, 59, 55, 67, 61, 1.315000, 1.941838, 2.552415, 1.250000, 0.241499, 0.301250, 1.217500, 0.130494, 0.158210, 0.988750, 0.311144, 0.306957, 600, 52
1400, 1400, 1400, 1400, 2000, 2000, 2000, 2000, 60, 56, 67, 61, 1.315000, 2.034450, 2.674710, 1.250000, 0.254004, 0.317500, 1.217500, 0.127218, 0.154559, 0.988750, 0.336224, 0.331968, 600, 52
1400, 1400, 1400, 1400, 2000, 2000, 2000, 2000, 60, 55, 67, 61, 1.315000, 2.089524, 2.747035, 1.250000, 0.244244, 0.305000, 1.218750, 0.119483, 0.144942, 0.988750, 0.379240, 0.374452, 600, 52
1400, 1400, 1400, 1400, 2000, 2000, 2000, 2000, 60, 55, 67, 61, 1.313750, 1.794426, 2.355522, 1.251250, 0.243207, 0.303993, 1.218750, 0.133770, 0.161994, 0.988750, 0.283936, 0.279604, 600, 52
1400, 1400, 1400, 1400, 2000, 2000, 2000, 2000, 60, 55, 66, 61, 1.315000, 2.062946, 2.711530, 1.251250, 0.254004, 0.317754, 1.218750, 0.132496, 0.160776, 0.988750, 0.342000, 0.337554, 600, 52
1400, 1400, 1400, 1400, 2000, 2000, 2000, 2000, 60, 56, 66, 61, 1.315000, 2.029244, 2.668135, 1.251250, 0.251259, 0.314001, 1.217500, 0.128219, 0.155776, 0.988750, 0.269040, 0.265772, 600, 52
1400, 1400, 1400, 1400, 2000, 2000, 2000, 2000, 60, 56, 67, 61, 1.315000, 1.874160, 2.464310, 1.251250, 0.250466, 0.312750, 1.218750, 0.130494, 0.158340, 0.988750, 0.329232, 0.325052, 600, 52
1400, 1400, 1400, 1400, 2000, 2000, 2000, 2000, 60, 55, 67, 61, 1.312500, 1.594132, 2.091328, 1.251250, 0.234728, 0.292734, 1.217500, 0.132951, 0.160644, 0.988750, 0.371944, 0.366548, 600, 52
1400, 1400, 1400, 1400, 2000, 2000, 2000, 2000, 60, 56, 67, 61, 1.315000, 2.069522, 2.720735, 1.250000, 0.243756, 0.303750, 1.217500, 0.140777, 0.170380, 0.988750, 0.312968, 0.308256, 600, 52
1400, 1400, 1400, 1400, 2000, 2000, 2000, 2000, 61, 56, 67, 61, 1.313750, 1.950880, 2.560350, 1.248750, 0.300730, 0.374400, 1.217500, 0.129948, 0.156993, 0.988750, 0.449768, 0.443612, 600, 52
1400, 1400, 1400, 1400, 2000, 2000, 2000, 2000, 60, 56, 67, 61, 1.313750, 1.705102, 2.238665, 1.251250, 0.240218, 0.300240, 1.218750, 0.130767, 0.158340, 0.988750, 0.302784, 0.298376, 600, 52
1400, 1400, 1400, 1400, 2000, 2000, 2000, 2000, 60, 55, 67, 61, 1.312500, 1.587008, 2.082144, 1.251250, 0.232471, 0.290232, 1.217500, 0.129493, 0.156993, 0.988750, 0.304152, 0.300352, 600, 52
1400, 1400, 1400, 1400, 2000, 2000, 2000, 2000, 60, 56, 67, 61, 1.315000, 2.037190, 2.678655, 1.250000, 0.246745, 0.307500, 1.218750, 0.132769, 0.160776, 0.988750, 0.337896, 0.332956, 600, 52
1400, 1400, 1400, 1400, 2000, 2000, 2000, 2000, 61, 56, 67, 61, 1.313750, 1.807304, 2.372591, 1.251250, 0.236985, 0.295236, 1.218750, 0.130221, 0.158340, 0.988750, 0.333944, 0.329004, 600, 52
1400, 1400, 1400, 1400, 2000, 2000, 2000, 2000, 60, 56, 67, 61, 1.312500, 1.622354, 2.128064, 1.251250, 0.225761, 0.281475, 1.218750, 0.129220, 0.157122, 0.988750, 0.314640, 0.310232, 600, 52
1400, 1400, 1400, 1400, 2000, 2000, 2000, 2000, 59, 56, 67, 61, 1.315000, 1.637150, 2.152655, 1.250000, 0.281515, 0.351250, 1.218750, 0.121758, 0.147378, 0.988750, 0.267672, 0.263796, 600, 52
1400, 1400, 1400, 1400, 2000, 2000, 2000, 2000, 60, 56, 66, 61, 1.315000, 1.965128, 2.583975, 1.251250, 0.232471, 0.290232, 1.217500, 0.124761, 0.150908, 0.988750, 0.355984, 0.350740, 600, 52
1400, 1400, 1400, 1400, 2000, 2000, 2000, 2000, 60, 56, 67, 61, 1.315000, 1.909506, 2.510335, 1.251250, 0.262239, 0.327762, 1.217500, 0.123487, 0.149691, 0.988750, 0.176168, 0.173888, 600, 52
1400, 1400, 1400, 1400, 2000, 2000, 2000, 2000, 60, 56, 67, 61, 1.316250, 2.070618, 2.724120, 1.251250, 0.239486, 0.298989, 1.217500, 0.136500, 0.165512, 0.988750, 0.217664, 0.214396, 600, 52
1400, 1400, 1400, 1400, 2000, 2000, 2000, 2000, 60, 55, 67, 61, 1.315000, 2.045958, 2.689175, 1.251250, 0.252723, 0.315252, 1.217500, 0.146783, 0.177682, 0.988750, 0.307192, 0.303316, 600, 52
1400, 1400, 1400, 1400, 2000, 2000, 2000, 2000, 60, 56, 67, 61, 1.313750, 1.798536, 2.360774, 1.251250, 0.241011, 0.301491, 1.217500, 0.129493, 0.156993, 0.987500, 0.338656, 0.333606, 600, 52
1400, 1400, 1400, 1400, 2000, 2000, 2000, 2000, 60, 55, 67, 61, 1.315000, 2.065686, 2.715475, 1.250000, 0.241743, 0.301250, 1.217500, 0.135499, 0.164295, 0.988750, 0.212496, 0.209456, 600, 52
1400, 1400, 1400, 1400, 2000, 2000, 2000, 2000, 60, 56, 67, 61, 1.316250, 2.067330, 2.720172, 1.251250, 0.247233, 0.308997, 1.218750, 0.137501, 0.166866, 0.988750, 0.391248, 0.386308, 600, 52
1400, 1400, 1400, 1400, 2000, 2000, 2000, 2000, 60, 55, 67, 61, 1.315000, 1.902656, 2.501130, 1.251250, 0.244000, 0.305244, 1.218750, 0.133224, 0.161994, 0.988750, 0.348688, 0.343824, 600, 52
1400, 1400, 1400, 1400, 2000, 2000, 2000, 2000, 60, 55, 67, 61, 1.313750, 1.694690, 2.224222, 1.251250, 0.227469, 0.283977, 1.218750, 0.121030, 0.147378, 0.988750, 0.270256, 0.266760, 600, 52
1400, 1400, 1400, 1400, 2000, 2000, 2000, 2000, 60, 55, 67, 61, 1.315000, 2.047876, 2.691805, 1.250000, 0.247965, 0.308750, 1.218750, 0.128947, 0.155904, 0.988750, 0.355224, 0.350740, 600, 52
1400, 1400, 1400, 1400, 2000, 2000, 2000, 2000, 60, 55, 67, 61, 1.315000, 2.016092, 2.651040, 1.251250, 0.239486, 0.298989, 1.218750, 0.125489, 0.152250, 0.988750, 0.355984, 0.350740, 600, 52
1400, 1400, 1400, 1400, 2000, 2000, 2000, 2000, 60, 55, 66, 61, 1.313750, 1.721816, 2.259673, 1.251250, 0.246745, 0.307746, 1.218750, 0.133224, 0.161994, 0.988750, 0.238944, 0.235144, 600, 52
1400, 1400, 1400, 1400, 2000, 2000, 2000, 2000, 60, 55, 66, 61, 1.312500, 1.555498, 2.040160, 1.251250, 0.241743, 0.301491, 1.218750, 0.120029, 0.146160, 0.988750, 0.302024, 0.298376, 600, 52
1400, 1400, 1400, 1400, 2000, 2000, 2000, 2000, 60, 55, 66, 61, 1.315000, 2.070070, 2.722050, 1.251250, 0.253516, 0.316503, 1.217500, 0.141960, 0.171597, 0.988750, 0.299744, 0.295412, 600, 52
1400, 1400, 1400, 1400, 2000, 2000, 2000, 2000, 60, 56, 67, 61, 1.315000, 1.847856, 2.428805, 1.251250, 0.232227, 0.290232, 1.217500, 0.129220, 0.156993, 0.988750, 0.310992, 0.306280, 600, 52
1400, 1400, 1400, 1400, 2000, 2000, 2000, 2000, 60, 55, 67, 61, 1.312500, 1.613860, 2.116256, 1.251250, 0.226737, 0.282726, 1.218750, 0.128765, 0.155904, 0.988750, 0.281504, 0.277628, 600, 52
1400, 1400, 1400, 1400, 2000, 2000, 2000, 2000, 60, 55, 67, 61, 1.313750, 1.716062, 2.253108, 1.251250, 0.233996, 0.291483, 1.218750, 0.130221, 0.158340, 0.988750, 0.261288, 0.257868, 600, 52
1400, 1400, 1400, 1400, 2000, 2000, 2000, 2000, 59, 55, 67, 61, 1.315000, 1.904848, 2.503760, 1.251250, 0.233996, 0.291483, 1.218750, 0.131495, 0.159558, 0.988750, 0.400672, 0.294424, 600, 52
1400, 1400, 1400, 1400, 2000, 2000, 2000, 2000, 60, 55, 67, 61, 1.313750, 1.674414, 2.197962, 1.250000, 0.241987, 0.301250, 1.218750, 0.128219, 0.155904, 0.987500, 0.291232, 0.287217, 600, 52
1400, 1400, 1400, 1400, 2000, 2000, 2000, 2000, 60, 55, 67, 61, 1.316250, 2.129802, 2.801764, 1.250000, 0.276513, 0.345000, 1.216250, 0.133952, 0.161728, 0.988750, 0.316768, 0.312208, 600, 52
1400, 1400, 1400, 1400, 2000, 2000, 2000, 2000, 60, 55, 67, 61, 1.315000, 2.057192, 2.704955, 1.248750, 0.311954, 0.388128, 1.217500, 0.132223, 0.160644, 0.988750, 0.259464, 0.255892, 600, 52
1400, 1400, 1400, 1400, 2000, 2000, 2000, 2000, 60, 55, 65, 62, 1.313750, 1.868132, 2.452684, 1.250000, 0.233508, 0.301491, 1.218750, 0.133952, 0.161994, 0.988750, 0.185288, 0.182780, 600, 52
1400, 1400, 1400, 1400, 2000, 2000, 2000, 2000, 60, 55, 62, 64, 1.315000, 1.982938, 2.606330, 1.250000, 0.243207, 0.303750, 1.217500, 0.141505, 0.171597, 0.987500, 0.409944, 0.403683, 600, 52
1400, 1400, 1400, 1400, 2000, 2000, 2000, 2000, 61, 54, 61, 64, 1.315000, 2.039930, 2.681285, 1.250000, 0.243512, 0.303750, 1.218750, 0.138775, 0.168084, 0.988750, 0.388968, 0.383344, 600, 52
1400, 1400, 1400, 1400, 2000, 2000, 2000, 2000, 61, 54, 61, 63, 1.313750, 2.016640, 2.647008, 1.251250, 0.251991, 0.314001, 1.218750, 0.127764, 0.154686, 0.988750, 0.340024, 0.335920, 600, 52
1400, 1400, 1400, 1400, 2000, 2000, 2000, 2000, 61, 54, 61, 64, 1.312500, 1.682908, 2.206784, 1.250000, 0.247965, 0.308750, 1.218750, 0.123487, 0.149814, 0.987500, 0.345952, 0.340515, 600, 52
1400, 1400, 1400, 1400, 2000, 2000, 2000, 2000, 61, 54, 61, 64, 1.315000, 2.066782, 2.716790, 1.250000, 0.246745, 0.307500, 1.217500, 0.141232, 0.171597, 0.988750, 0.222224, 0.219336, 600, 52
1400, 1400, 1400, 1400, 2000, 2000, 2000, 2000, 61, 54, 61, 64, 1.315000, 1.998556, 2.627370, 1.251250, 0.259494, 0.324009, 1.217500, 0.124033, 0.150908, 0.988750, 0.369208, 0.364572, 600, 52
1400, 1400, 1400, 1400, 2000, 2000, 2000, 2000, 60, 55, 66, 61, 1.313750, 1.737434, 2.280681, 1.251250, 0.230763, 0.287730, 1.217500, 0.123032, 0.149691, 0.987500, 0.329688, 0.324723, 600, 52
1400, 1400, 1400, 1400, 2000, 2000, 2000, 2000, 61, 54, 61, 64, 1.315000, 1.984856, 2.608960, 1.251250, 0.254980, 0.317754, 1.217500, 0.128037, 0.152250, 0.988750, 0.331208, 0.327028, 600, 52
1400, 1400, 1400, 1400, 2000, 2000, 2000, 2000, 60, 54, 61, 63, 1.315000, 2.046506, 2.690490, 1.251250, 0.249978, 0.311499, 1.217500, 0.135954, 0.164295, 0.988750, 0.383192, 0.378404, 600, 52
1400, 1400, 1400, 1400, 2000, 2000, 2000, 2000, 60, 54, 61, 63, 1.313750, 1.776616, 2.331888, 1.250000, 0.238998, 0.297500, 1.217500, 0.127491, 0.154559, 0.988750, 0.306280, 0.302328, 600, 52
1400, 1400, 1400, 1400, 2000, 2000, 2000, 2000, 61, 54, 61, 64, 1.312500, 1.568376, 2.057216, 1.251250, 0.242475, 0.302742, 1.218750, 0.120757, 0.146160, 0.988750, 0.386384, 0.381368, 600, 52
1400, 1400, 1400, 1400, 2000, 2000, 2000, 2000, 60, 54, 61, 64, 1.315000, 2.028970, 2.666820, 1.250000, 0.254492, 0.317500, 1.218750, 0.120757, 0.146160, 0.988750, 0.375896, 0.370500, 600, 52
1400, 1400, 1400, 1400, 2000, 2000, 2000, 2000, 61, 54, 61, 64, 1.313750, 1.789768, 2.348957, 1.250000, 0.227469, 0.283750, 1.218750, 0.123487, 0.149814, 0.988750, 0.337136, 0.332956, 600, 52
1400, 1400, 1400, 1400, 2000, 2000, 2000, 2000, 61, 54, 61, 64, 1.312500, 1.574130, 2.065088, 1.251250, 0.254004, 0.317754, 1.218750, 0.121212, 0.147378, 0.988750, 0.175712, 0.172900, 600, 52
1400, 1400, 1400, 1400, 2000, 2000, 2000, 2000, 61, 54, 61, 64, 1.315000, 2.055274, 2.702325, 1.251250, 0.254004, 0.317754, 1.218750, 0.125762, 0.152250, 0.988750, 0.300504, 0.296400, 600, 52
1400, 1400, 1400, 1400, 2000, 2000, 2000, 2000, 61, 54, 61, 64, 1.313750, 1.757436, 2.306941, 1.250000, 0.242719, 0.302500, 1.218750, 0.121212, 0.147378, 0.988750, 0.381976, 0.376428, 600, 52
1400, 1400, 1400, 1400, 2000, 2000, 2000, 2000, 61, 54, 61, 63, 1.315000, 2.024860, 2.661560, 1.250000, 0.261507, 0.326250, 1.217500, 0.131495, 0.159427, 0.988750, 0.353248, 0.348764, 600, 52
1400, 1400, 1400, 1400, 2000, 2000, 2000, 2000, 61, 54, 61, 64, 1.315000, 2.032806, 2.672080, 1.251250, 0.239486, 0.298989, 1.218750, 0.119483, 0.144942, 0.988750, 0.216296, 0.213408, 600, 52
1400, 1400, 1400, 1400, 2000, 2000, 2000, 2000, 61, 54, 61, 64, 1.313750, 1.811140, 2.377843, 1.250000, 0.259738, 0.323750, 1.218750, 0.136955, 0.165648, 0.988750, 0.328168, 0.324064, 600, 52
1400, 1400, 1400, 1400, 2000, 2000, 2000, 2000, 60, 54, 61, 64, 1.315000, 2.016092, 2.651040, 1.251250, 0.243756, 0.303993, 1.218750, 0.128765, 0.155904, 0.988750, 0.214928, 0.211432, 600, 52
1400, 1400, 1400, 1400, 2000, 2000, 2000, 2000, 61, 54, 61, 64, 1.315000, 2.031710, 2.670765, 1.250000, 0.271511, 0.338750, 1.218750, 0.128765, 0.155904, 0.988750, 0.289712, 0.285532, 600, 52
1400, 1400, 1400, 1400, 2000, 2000, 2000, 2000, 61, 54, 61, 64, 1.313750, 1.853610, 2.432989, 1.251250, 0.234728, 0.292734, 1.217500, 0.123214, 0.149691, 0.988750, 0.323760, 0.319124, 600, 52
1400, 1400, 1400, 1400, 2000, 2000, 2000, 2000, 60, 55, 66, 61, 1.315000, 1.994720, 2.622110, 1.251250, 0.264496, 0.330264, 1.218750, 0.122486, 0.148596, 0.987500, 0.470136, 0.463890, 600, 52
1400, 1400, 1400, 1400, 2000, 2000, 2000, 2000, 60, 55, 66, 61, 1.315000, 2.044040, 2.687860, 1.250000, 0.251747, 0.313750, 1.218750, 0.132223, 0.160776, 0.988750, 0.355224, 0.350740, 600, 52
1400, 1400, 1400, 1400, 2000, 2000, 2000, 2000, 59, 55, 65, 60, 1.315000, 1.906766, 2.506390, 1.251250, 0.246989, 0.307746, 1.218750, 0.123487, 0.149814, 0.988750, 0.229672, 0.226252, 600, 52
1400, 1400, 1400, 1400, 2000, 2000, 2000, 2000, 59, 54, 66, 60, 1.312500, 1.534126, 2.012608, 1.251250, 0.228018, 0.285228, 1.217500, 0.128037, 0.155776, 0.988750, 0.338656, 0.333944, 600, 51
1400, 1400, 1400, 1400, 2000, 2000, 2000, 2000, 59, 55, 66, 60, 1.312500, 1.598516, 2.096576, 1.250000, 0.238266, 0.297500, 1.218750, 0.127491, 0.154686, 0.988750, 0.266000, 0.262808, 600, 51
1400, 1400, 1400, 1400, 2000, 2000, 2000, 2000, 59, 55, 65, 60, 1.315000, 2.030614, 2.669450, 1.251250, 0.252723, 0.315252, 1.218750, 0.132951, 0.160776, 0.988750, 0.385168, 0.380380, 600, 51
1400, 1400, 1400, 1400, 2000, 2000, 2000, 2000, 64, 54, 61, 59, 1.313750, 1.857994, 2.438241, 1.251250, 0.238510, 0.297738, 1.218750, 0.127764, 0.154686, 0.988750, 0.386992, 0.381368, 600, 52
1400, 1400, 1400, 1400, 2000, 2000, 2000, 2000, 64, 55, 60, 59, 1.312500, 1.592488, 2.088704, 1.251250, 0.244976, 0.305244, 1.218750, 0.130767, 0.158340, 0.988750, 0.205960, 0.202540, 600, 53
1400, 1400, 1400, 1400, 2000, 2000, 2000, 2000, 65, 54, 60, 59, 1.313750, 1.728392, 2.268864, 1.250000, 0.252723, 0.315000, 1.217500, 0.127491, 0.154559, 0.988750, 0.371488, 0.366548, 600, 53
1400, 1400, 1400, 1400, 2000, 2000, 2000, 2000, 65, 54, 60, 59, 1.315000, 1.887312, 2.481405, 1.251250, 0.246257, 0.307746, 1.218750, 0.129493, 0.157122, 0.988750, 0.324976, 0.320112, 600, 53
1400, 1400, 1400, 1400, 2000, 2000, 2000, 2000, 65, 54, 60, 59, 1.312500, 1.628382, 2.135936, 1.251250, 0.251015, 0.314001, 1.217500, 0.137774, 0.166729, 0.988750, 0.450680, 0.444600, 600, 53
1400, 1400, 1400, 1400, 2000, 2000, 2000, 2000, 65, 54, 59, 59, 1.315000, 1.967594, 2.586605, 1.251250, 0.283223, 0.354033, 1.218750, 0.132951, 0.160776, 0.988750, 0.453264, 0.447564, 600, 53
1400, 1400, 1400, 1400, 2000, 2000, 2000, 2000, 65, 54, 60, 59, 1.315000, 1.995816, 2.623425, 1.250000, 0.279502, 0.340000, 1.218750, 0.126035, 0.153468, 0.988750, 0.388512, 0.383344, 600, 53
1400, 1400, 1400, 1400, 2000, 2000, 2000, 2000, 65, 54, 59, 59, 1.315000, 1.876352, 2.466940, 1.250000, 0.258213, 0.322500, 1.218750, 0.127036, 0.154686, 0.988750, 0.340024, 0.335920, 600, 53
1400, 1400, 1400, 1400, 2000, 2000, 2000, 2000, 61, 54, 60, 63, 1.315000, 2.033080, 2.673395, 1.250000, 0.277977, 0.346250, 1.217500, 0.123032, 0.149691, 0.988750, 0.234232, 0.231192, 600, 52
1400, 1400, 1400, 1400, 2000, 2000, 2000, 2000, 60, 54, 60, 63, 1.315000, 1.946770, 2.558990, 1.248750, 0.319213, 0.398112, 1.218750, 0.127218, 0.154686, 0.988750, 0.457672, 0.451516, 600, 52
1400, 1400, 1400, 1400, 2000, 2000, 2000, 2000, 60, 54, 61, 63, 1.313750, 1.705924, 2.236960, 1.250000, 0.257969, 0.321250, 1.218750, 0.125489, 0.152250, 0.988750, 0.174952, 0.171912, 600, 52
1400, 1400, 1400, 1400, 2000, 2000, 2000, 2000, 60, 53, 61, 63, 1.315000, 2.065686, 2.715475, 1.250000, 0.285724, 0.356250, 1.218750, 0.122213, 0.148596, 0.988750, 0.325888, 0.321100, 600, 52
1400, 1400, 1400, 1400, 2000, 2000, 2000, 2000, 60, 54, 60, 63, 1.315000, 2.002940, 2.632630, 1.251250, 0.253211, 0.316503, 1.218750, 0.144508, 0.175392, 0.988750, 0.359936, 0.354692, 600, 52
1400, 1400, 1400, 1400, 2000, 2000, 2000, 2000, 61, 53, 60, 63, 1.313750, 1.679620, 2.204527, 1.251250, 0.259982, 0.324009, 1.218750, 0.138957, 0.168084, 0.988750, 0.423472, 0.417924, 600, 52
1400, 1400, 1400, 1400, 2000, 2000, 2000, 2000, 60, 54, 61, 63, 1.315000, 2.000748, 2.630000, 1.250000, 0.249978, 0.311250, 1.218750, 0.120029, 0.146160, 0.988750, 0.333184, 0.356668, 600, 52
1400, 1400, 1400, 1400, 2000, 2000, 2000, 2000, 61, 54, 60, 63, 1.315000, 1.994446, 2.622110, 1.250000, 0.258213, 0.322500, 1.218750, 0.129220, 0.157122, 0.988750, 0.299896, 0.295412, 600, 52
1400, 1400, 1400, 1400, 2000, 2000, 2000, 2000, 60, 54, 61, 63, 1.313750, 1.850870, 2.429050, 1.251250, 0.244976, 0.305244, 1.217500, 0.128219, 0.155776, 0.988750, 0.354768, 0.349752, 600, 52
1400, 1400, 1400, 1400, 2000, 2000, 2000, 2000, 60, 54, 61, 63, 1.312500, 1.593858, 2.090016, 1.252500, 0.228018, 0.285456, 1.218750, 0.117481, 0.142506, 0.988750, 0.404472, 0.399152, 600, 52
1400, 1400, 1400, 1400, 2000, 2000, 2000, 2000, 60, 54, 61, 63, 1.315000, 2.040204, 2.682600, 1.251250, 0.254492, 0.317754, 1.218750, 0.140231, 0.170520, 0.988750, 0.383648, 0.378404, 600, 52
1400, 1400, 1400, 1400, 2000, 2000, 2000, 2000, 60, 54, 61, 63, 1.313750, 1.853336, 2.432989, 1.251250, 0.233264, 0.291483, 1.217500, 0.136773, 0.165512, 0.988750, 0.291536, 0.287508, 600, 52
1400, 1400, 1400, 1400, 2000, 2000, 2000, 2000, 62, 56, 71, 68, 1.318750, 2.668760, 3.516424, 1.261250, 0.167750, 0.210587, 1.217500, 0.106743, 0.129002, 0.988750, 0.240464, 0.237120, 600, 52
1400, 1400, 1400, 1400, 2000, 2000, 2000, 2000, 60, 56, 72, 64, 1.316250, 1.995816, 2.625420, 1.261250, 0.167750, 0.220850, 1.213750, 0.061789, 0.073993, 0.988750, 0.104272, 0.102752, 600, 51
1400, 1400, 1400, 1400, 2000, 2000, 2000, 2000, 60, 55, 72, 64, 1.316250, 2.212550, 2.910992, 1.262500, 0.165005, 0.208230, 1.215000, 0.071253, 0.086265, 0.988750, 0.103512, 0.101764, 600, 51
1400, 1400, 1400, 1400, 2000, 2000, 2000, 2000, 60, 56, 72, 63, 1.315000, 1.907040, 2.507705, 1.263750, 0.188734, 0.237444, 1.213750, 0.064246, 0.077632, 0.988750, 0.102752, 0.100776, 600, 51
1400, 1400, 1400, 1400, 2000, 2000, 2000, 2000, 60, 56, 72, 63, 1.316250, 2.058288, 2.708328, 1.262500, 0.167018, 0.210754, 1.213750, 0.065975, 0.078845, 0.988750, 0.102296, 0.100776, 600, 51
1400, 1400, 1400, 1400, 2000, 2000, 2000, 2000, 62, 56, 72, 64, 1.316250, 2.058288, 2.708328, 1.262500, 0.175985, 0.220850, 1.213750, 0.067249, 0.081271, 0.988750, 0.101992, 0.099788, 600, 51
1400, 1400, 1400, 1400, 2000, 2000, 2000, 2000, 60, 56, 72, 62, 1.318750, 2.591766, 3.414938, 1.263750, 0.175985, 0.221025, 1.213750, 0.063245, 0.076419, 0.988750, 0.102296, 0.100776, 600, 51
1400, 1400, 1400, 1400, 2000, 2000, 2000, 2000, 59, 55, 72, 63, 1.317500, 2.302696, 3.031734, 1.262500, 0.168238, 0.212016, 1.215000, 0.070707, 0.085050, 0.988750, 0.101688, 0.099788, 600, 50
1400, 1400, 1400, 1400, 2000, 2000, 2000, 2000, 59, 56, 72, 62, 1.316250, 2.127062, 2.799132, 1.263750, 0.179462, 0.226077, 1.213750, 0.064701, 0.077632, 0.988750, 0.101536, 0.099788, 600, 50
1400, 1400, 1400, 1400, 2000, 2000, 2000, 2000, 59, 55, 72, 63, 1.317500, 2.307902, 3.038319, 1.261250, 0.179767, 0.225719, 1.215000, 0.068250, 0.082620, 0.988750, 0.101232, 0.099788, 600, 50
1400, 1400, 1400, 1400, 2000, 2000, 2000, 2000, 58, 55, 65, 60, 1.317500, 2.307354, 3.038319, 1.263750, 0.174521, 0.219762, 1.213750, 0.069706, 0.083697, 0.988750, 0.101536, 0.099788, 600, 51
1400, 1400, 1400, 1400, 2000, 2000, 2000, 2000, 59, 53, 59, 57, 1.313750, 1.634684, 2.145442, 1.260000, 0.199470, 0.250740, 1.216250, 0.096278, 0.116736, 0.996250, 2.239720, 2.239000, 600, 54
1400, 1400, 1400, 1400, 2000, 2000, 2000, 2000, 61, 61, 62, 61, 1.313750, 1.597694, 2.096861, 1.258750, 0.239974, 0.300662, 1.216250, 0.115206, 0.139840, 0.990000, 0.629888, 0.622710, 600, 52
1400, 1400, 1400, 1400, 2000, 2000, 2000, 2000, 61, 62, 62, 59, 1.317500, 2.322698, 3.058074, 1.263750, 0.180499, 0.227340, 1.213750, 0.068250, 0.082484, 0.988750, 0.118712, 0.116584, 600, 52
1400, 1400, 1400, 1400, 2000, 2000, 2000, 2000, 61, 62, 61, 60, 1.317500, 2.388732, 3.144996, 1.262500, 0.178730, 0.224636, 1.213750, 0.070980, 0.071567, 0.988750, 0.117192, 0.115596, 600, 51
1400, 1400, 1400, 1400, 2000, 2000, 2000, 2000, 61, 62, 62, 59, 1.317500, 2.393116, 3.151581, 1.262500, 0.170007, 0.214540, 1.213750, 0.068705, 0.082484, 0.988750, 0.117192, 0.115596, 600, 51
1400, 1400, 1400, 1400, 2000, 2000, 2000, 2000, 60, 63, 63, 59, 1.316250, 2.197206, 2.891252, 1.265000, 0.166713, 0.209990, 1.213750, 0.061971, 0.073993, 0.988750, 0.116736, 0.114608, 600, 51
1400, 1400, 1400, 1400, 2000, 2000, 2000, 2000, 63, 58, 66, 60, 1.313750, 1.758532, 2.308254, 1.262500, 0.169519, 0.236880, 1.215000, 0.076258, 0.092340, 0.988750, 0.110504, 0.108680, 600, 51
1400, 1400, 1400, 1400, 2000, 2000, 2000, 2000, 59, 56, 74, 63, 1.318750, 2.669308, 3.517742, 1.263750, 0.183488, 0.231129, 1.218750, 0.115752, 0.140070, 0.988750, 0.103512, 0.101764, 600, 51
1400, 1400, 1400, 1400, 2000, 2000, 2000, 2000, 60, 56, 75, 64, 1.317500, 2.312286, 3.044904, 1.263750, 0.159271, 0.200817, 1.215000, 0.083265, 0.100845, 0.988750, 0.102752, 0.100776, 600, 51
1400, 1400, 1400, 1400, 2000, 2000, 2000, 2000, 59, 56, 76, 65, 1.316250, 2.082126, 2.739912, 1.261250, 0.169763, 0.213109, 1.217500, 0.096733, 0.116832, 0.988750, 0.102448, 0.100776, 600, 51
1400, 1400, 1400, 1400, 2000, 2000, 2000, 2000, 60, 56, 75, 65, 1.320000, 2.604644, 3.437280, 1.262500, 0.171471, 0.215802, 1.216250, 0.112203, 0.136304, 0.988750, 0.102448, 0.100776, 600, 51
1400, 1400, 1400, 1400, 2000, 2000, 2000, 2000, 60, 56, 72, 64, 1.317500, 2.248444, 2.960616, 1.261250, 0.191723, 0.240851, 1.218750, 0.150969, 0.182700, 0.988750, 0.102448, 0.100776, 600, 51
1400, 1400, 1400, 1400, 2000, 2000, 2000, 2000, 59, 57, 76, 65, 1.316250, 2.153366, 2.833348, 1.261250, 0.168970, 0.211848, 1.218750, 0.113022, 0.137634, 0.988750, 0.102448, 0.100776, 600, 51
1400, 1400, 1400, 1400, 2000, 2000, 2000, 2000, 63, 57, 68, 65, 1.316250, 2.168162, 2.853088, 1.263750, 0.180743, 0.227340, 1.218750, 0.118027, 0.143724, 0.988750, 0.102296, 0.100776, 600, 51
1400, 1400, 1400, 1400, 2000, 2000, 2000, 2000, 64, 56, 63, 64, 1.316250, 2.168162, 2.853088, 1.255000, 0.246013, 0.308730, 1.216250, 0.101738, 0.122816, 0.988750, 0.103208, 0.101764, 600, 52
1400, 1400, 1400, 1400, 2000, 2000, 2000, 2000, 60, 55, 61, 60, 1.316250, 2.244334, 2.953104, 1.257500, 0.218502, 0.274026, 1.217500, 0.105742, 0.127785, 0.988750, 0.164920, 0.162032, 600, 54
1400, 1400, 1400, 1400, 2000, 2000, 2000, 2000, 60, 54, 60, 57, 1.311250, 1.300130, 1.704300, 1.260000, 0.190991, 0.239400, 1.212500, 0.223496, 0.270276, 0.997500, 2.067960, 2.060799, 600, 55
1400, 1400, 1400, 1400, 2000, 2000, 2000, 2000, 61, 53, 58, 58, 1.308750, 1.156554, 1.514360, 1.261250, 0.181719, 0.228241, 1.212500, 0.219492, 0.265428, 0.997500, 2.093952, 2.086721, 600, 56
1400, 1400, 1400, 1400, 2000, 2000, 2000, 2000, 60, 54, 59, 57, 1.311250, 1.235466, 1.619085, 1.257500, 0.211487, 0.265227, 1.212500, 0.229502, 0.277548, 0.997500, 2.031024, 2.024907, 600, 56
1400, 1400, 1400, 1400, 2000, 2000, 2000, 2000, 60, 54, 58, 57, 1.310000, 1.283142, 1.680730, 1.262500, 0.178486, 0.224636, 1.211250, 0.219765, 0.265209, 0.997500, 2.111432, 2.104667, 600, 57
1400, 1400, 1400, 1400, 2000, 2000, 2000, 2000, 62, 54, 58, 56, 1.310000, 1.055722, 1.382050, 1.262500, 0.185745, 0.233470, 1.211250, 0.218491, 0.263998, 0.997500, 1.983296, 1.977051, 600, 56
1400, 1400, 1400, 1400, 2000, 2000, 2000, 2000, 61, 56, 71, 61, 1.313750, 1.759902, 2.309567, 1.256250, 0.237473, 0.297672, 1.217500, 0.112203, 0.136304, 0.988750, 0.120232, 0.118560, 600, 53
1400, 1400, 1400, 1400, 2000, 2000, 2000, 2000, 60, 56, 74, 63, 1.317500, 2.436134, 3.208212, 1.262500, 0.182512, 0.229684, 1.217500, 0.126217, 0.153342, 0.988750, 0.110048, 0.108680, 600, 53
1400, 1400, 1400, 1400, 2000, 2000, 2000, 2000, 63, 57, 69, 66, 1.316250, 2.139940, 2.814924, 1.260000, 0.194712, 0.244440, 1.218750, 0.121758, 0.147378, 0.988750, 0.107008, 0.105716, 600, 53
1400, 1400, 1400, 1400, 2000, 2000, 2000, 2000, 65, 59, 72, 65, 1.316250, 2.107334, 2.772812, 1.257500, 0.235460, 0.295395, 1.217500, 0.105742, 0.127785, 0.988750, 0.105944, 0.103740, 600, 53
1400, 1400, 1400, 1400, 2000, 2000, 2000, 2000, 67, 59, 71, 65, 1.316250, 2.061028, 2.712276, 1.251250, 0.170983, 0.212670, 1.216250, 0.251524, 0.305216, 0.988750, 0.107920, 0.105716, 600, 53
1400, 1400, 1400, 1400, 2000, 2000, 2000, 2000, 55, 50, 55, 53, 1.308750, 0.779804, 1.018932, 1.262500, 0.159759, 0.200658, 1.213750, 0.063791, 0.076419, 0.987500, 0.100016, 0.098700, 600, 48
1400, 1400, 1400, 1400, 2000, 2000, 2000, 2000, 55, 50, 55, 54, 1.311250, 1.215464, 1.592865, 1.256250, 0.212463, 0.266272, 1.213750, 0.068250, 0.082484, 0.988750, 0.098952, 0.096824, 600, 48
1400, 1400, 1400, 1400, 2000, 2000, 2000, 2000, 55, 50, 55, 53, 1.311250, 1.216560, 1.594176, 1.261250, 0.181719, 0.228241, 1.213750, 0.065975, 0.078845, 0.987500, 0.098040, 0.096726, 600, 48
1400, 1400, 1400, 1400, 2000, 2000, 2000, 2000, 54, 50, 54, 52, 1.310000, 1.063942, 1.392530, 1.260000, 0.184769, 0.231840, 1.215000, 0.070525, 0.085050, 0.987500, 0.097432, 0.095739, 600, 47
1400, 1400, 1400, 1400, 2000, 2000, 2000, 2000, 54, 49, 54, 52, 1.311250, 1.239028, 1.624329, 1.261250, 0.195017, 0.245895, 1.213750, 0.071708, 0.086123, 0.987500, 0.096976, 0.094752, 600, 47
1400, 1400, 1400, 1400, 2000, 2000, 2000, 2000, 54, 49, 56, 53, 1.311250, 1.325338, 1.737075, 1.258750, 0.178974, 0.223924, 1.213750, 0.062972, 0.075206, 0.988750, 0.096520, 0.094848, 600, 47
1400, 1400, 1400, 1400, 2000, 2000, 2000, 2000, 54, 49, 54, 53, 1.311250, 1.274374, 1.670214, 1.262500, 0.160491, 0.201920, 1.215000, 0.072982, 0.077632, 0.987500, 0.096064, 0.094752, 600, 47
1400, 1400, 1400, 1400, 2000, 2000, 2000, 2000, 53, 49, 54, 52, 1.311250, 1.361232, 1.784271, 1.258750, 0.216977, 0.271728, 1.215000, 0.064974, 0.077760, 0.987500, 0.096064, 0.094752, 600, 47
1400, 1400, 1400, 1400, 2000, 2000, 2000, 2000, 53, 49, 54, 52, 1.310000, 1.160664, 1.519600, 1.255000, 0.212219, 0.266060, 1.213750, 0.059241, 0.071567, 0.987500, 0.095456, 0.093765, 600, 47
1400, 1400, 1400, 1400, 2000, 2000, 2000, 2000, 53, 49, 55, 52, 1.311250, 1.297938, 1.700367, 1.262500, 0.173240, 0.218326, 1.215000, 0.069251, 0.083835, 0.988750, 0.095304, 0.093860, 600, 46
1400, 1400, 1400, 1400, 2000, 2000, 2000, 2000, 53, 48, 55, 52, 1.311250, 1.225054, 1.605975, 1.262500, 0.176717, 0.222112, 1.213750, 0.069251, 0.083697, 0.988750, 0.095000, 0.093860, 600, 46
1400, 1400, 1400, 1400, 2000, 2000, 2000, 2000, 54, 50, 61, 54, 1.313750, 1.691676, 2.220283, 1.263750, 0.144265, 0.181872, 1.215000, 0.073710, 0.088695, 0.988750, 0.095000, 0.093860, 600, 46
1400, 1400, 1400, 1400, 2000, 2000, 2000, 2000, 55, 54, 58, 56, 1.315000, 2.118020, 2.785170, 1.256250, 0.210755, 0.263760, 1.216250, 0.103467, 0.125248, 0.988750, 0.095304, 0.093860, 600, 47
1400, 1400, 1400, 1400, 2000, 2000, 2000, 2000, 54, 50, 56, 53, 1.312500, 1.508918, 1.978496, 1.256250, 0.176717, 0.221056, 1.216250, 0.092274, 0.111872, 0.988750, 0.095760, 0.093860, 600, 47
1400, 1400, 1400, 1400, 2000, 2000, 2000, 2000, 54, 49, 54, 52, 1.310000, 1.121756, 1.468510, 1.260000, 0.200507, 0.252000, 1.213750, 0.069251, 0.083697, 0.987500, 0.095760, 0.093765, 600, 47
1400, 1400, 1400, 1400, 2000, 2000, 2000, 2000, 53, 49, 54, 52, 1.308750, 0.783092, 1.024164, 1.261250, 0.158722, 0.199238, 1.213750, 0.065975, 0.078845, 0.987500, 0.095304, 0.093765, 600, 47
1400, 1400, 1400, 1400, 2000, 2000, 2000, 2000, 53, 49, 54, 52, 1.311250, 1.232726, 1.615152, 1.260000, 0.191723, 0.240660, 1.213750, 0.067522, 0.081271, 0.987500, 0.095000, 0.093765, 600, 46
1400, 1400, 1400, 1400, 2000, 2000, 2000, 2000, 53, 49, 53, 51, 1.310000, 0.976810, 1.278560, 1.263750, 0.166713, 0.209658, 1.213750, 0.064701, 0.077632, 0.988750, 0.094696, 0.092872, 600, 46
1400, 1400, 1400, 1400, 2000, 2000, 2000, 2000, 52, 49, 54, 51, 1.308750, 0.774872, 1.012392, 1.263750, 0.167506, 0.210921, 1.213750, 0.061516, 0.073993, 0.987500, 0.094544, 0.092778, 600, 46
1400, 1400, 1400, 1400, 2000, 2000, 2000, 2000, 52, 48, 53, 51, 1.311250, 1.196010, 1.567956, 1.265000, 0.161223, 0.203665, 1.215000, 0.064701, 0.077760, 0.987500, 0.094240, 0.092778, 600, 46
1400, 1400, 1400, 1400, 2000, 2000, 2000, 2000, 53, 48, 53, 51, 1.311250, 1.106960, 1.449966, 1.261250, 0.165493, 0.208065, 1.215000, 0.065247, 0.078975, 0.987500, 0.094240, 0.092778, 600, 46
1400, 1400, 1400, 1400, 2000, 2000, 2000, 2000, 53, 48, 53, 51, 1.311250, 1.208066, 1.583688, 1.263750, 0.166469, 0.209658, 1.213750, 0.061516, 0.073993, 0.987500, 0.093784, 0.091791, 600, 46
1400, 1400, 1400, 1400, 2000, 2000, 2000, 2000, 52, 48, 53, 51, 1.310000, 0.886116, 1.160660, 1.263750, 0.168238, 0.212184, 1.215000, 0.068250, 0.082620, 0.988750, 0.093936, 0.091884, 600, 46
1400, 1400, 1400, 1400, 2000, 2000, 2000, 2000, 52, 47, 53, 51, 1.311250, 1.194092, 1.565334, 1.263750, 0.158478, 0.199554, 1.213750, 0.065520, 0.078845, 0.988750, 0.093784, 0.091884, 600, 46
1400, 1400, 1400, 1400, 2000, 2000, 2000, 2000, 52, 48, 53, 51, 1.311250, 1.219026, 1.598109, 1.263750, 0.173484, 0.218499, 1.213750, 0.059787, 0.071567, 0.988750, 0.093784, 0.091884, 600, 46
1400, 1400, 1400, 1400, 2000, 2000, 2000, 2000, 53, 48, 53, 51, 1.310000, 1.025856, 1.342750, 1.263750, 0.155489, 0.195765, 1.215000, 0.068523, 0.074115, 0.988750, 0.093480, 0.091884, 600, 46
1400, 1400, 1400, 1400, 2000, 2000, 2000, 2000, 53, 48, 53, 50, 1.311250, 1.215738, 1.592865, 1.263750, 0.170251, 0.214710, 1.215000, 0.061971, 0.074115, 0.988750, 0.093784, 0.091884, 600, 46
1400, 1400, 1400, 1400, 2000, 2000, 2000, 2000, 52, 48, 53, 51, 1.311250, 1.182310, 1.549602, 1.263750, 0.150975, 0.189450, 1.215000, 0.068523, 0.082620, 0.988750, 0.093480, 0.091884, 600, 46
1400, 1400, 1400, 1400, 2000, 2000, 2000, 2000, 52, 48, 53, 51, 1.311250, 1.138470, 1.491918, 1.262500, 0.155245, 0.195610, 1.213750, 0.064246, 0.077632, 0.987500, 0.093176, 0.091791, 600, 46
1400, 1400, 1400, 1400, 2000, 2000, 2000, 2000, 52, 48, 53, 50, 1.311250, 1.222588, 1.602042, 1.261250, 0.193736, 0.243373, 1.213750, 0.069524, 0.083697, 0.987500, 0.093480, 0.091791, 600, 46
1400, 1400, 1400, 1400, 2000, 2000, 2000, 2000, 53, 48, 54, 52, 1.310000, 1.139566, 1.492090, 1.258750, 0.228018, 0.286824, 1.215000, 0.072982, 0.087480, 0.987500, 0.093176, 0.091791, 600, 46
1400, 1400, 1400, 1400, 2000, 2000, 2000, 2000, 52, 48, 53, 51, 1.311250, 1.353012, 1.016316, 1.262500, 0.171715, 0.215802, 1.213750, 0.061971, 0.073993, 0.987500, 0.093480, 0.091791, 600, 46
1400, 1400, 1400, 1400, 2000, 2000, 2000, 2000, 53, 48, 53, 50, 1.311250, 1.218478, 1.596798, 1.265000, 0.160979, 0.202400, 1.215000, 0.066703, 0.080190, 0.987500, 0.093480, 0.091791, 600, 46
